college_img,college_name,college_course,college_loc,college_fees,AllIndia,Open,Minority
"https://images.static-collegedunia.com/public/college_data/images/appImage/1505131397cover.jpg?tr=h-130,w-305,c-force"" height=""130px"" src=""data:image/gif;base64,R0lGODlhAQABAIAAAHd3dwAAACH5BAAAAAAALAAAAAABAAEAAAICRAEAOw==""/","Institute of Chemical Technology - [ICT], Mumbai",B.Pharm ,"Mumbai, Maharashtra","85,350",0,99.81,0
"https://images.static-collegedunia.com/public/college_data/images/appImage/1488173208AppNew.jpg?tr=h-130,w-305,c-force"" height=""130px"" src=""data:image/gif;base64,R0lGODlhAQABAIAAAHd3dwAAACH5BAAAAAAALAAAAAABAAEAAAICRAEAOw==""/","Sandip University, Nashik",B.Pharm ,"Nashik, Maharashtra","1,32,000",66.78,92.16,0
"https://images.static-collegedunia.com/public/college_data/images/appImage/9781_P1.jpg?tr=h-130,w-305,c-force"" height=""130px"" src=""data:image/gif;base64,R0lGODlhAQABAIAAAHd3dwAAACH5BAAAAAAALAAAAAABAAEAAAICRAEAOw==""/","Poona College of Pharmacy, Pune",B.Pharm ,"Pune, Maharashtra","1,02,000",74.47,93.43,0
"https://images.static-collegedunia.com/public/college_data/images/appImage/1510318821cvrnew.png?tr=h-130,w-305,c-force"" height=""130px"" src=""data:image/gif;base64,R0lGODlhAQABAIAAAHd3dwAAACH5BAAAAAAALAAAAAABAAEAAAICRAEAOw==""/","Bombay College of Pharmacy - [BCP], Mumbai",B.Pharm ,"Mumbai, Maharashtra","41,633",0,99.64,0
"https://images.static-collegedunia.com/public/college_data/images/appImage/1503566414147288295925721RSTMApp.jpg?tr=h-130,w-305,c-force"" height=""130px"" src=""data:image/gif;base64,R0lGODlhAQABAIAAAHd3dwAAACH5BAAAAAAALAAAAAABAAEAAAICRAEAOw==""/","Rashtrasant Tukadoji Maharaj Nagpur University - [RTMNU], Nagpur",B.Pharm ,"Nagpur, Maharashtra","16,335",36.12,85.08,0
"https://images.static-collegedunia.com/public/college_data/images/appImage/9386_DBNCP_APP.jpg?tr=h-130,w-305,c-force"" height=""130px"" src=""data:image/gif;base64,R0lGODlhAQABAIAAAHd3dwAAACH5BAAAAAAALAAAAAABAAEAAAICRAEAOw==""/","Dr. Bhanuben Nanavati College of Pharmacy, Mumbai",B.Pharm ,"Mumbai, Maharashtra","1,98,000",75.92,95.54,95.15
"https://images.static-collegedunia.com/public/college_data/images/appImage/_b.jpg?tr=h-130,w-305,c-force"" height=""130px"" src=""data:image/gif;base64,R0lGODlhAQABAIAAAHd3dwAAACH5BAAAAAAALAAAAAABAAEAAAICRAEAOw==""/","Bharati Vidyapeethâ€™s College of Pharmacy - [BVCOP], Navi Mumbai",B.Pharm ,"Mumbai, Maharashtra","1,55,000",87.84,97.97,0
"https://images.static-collegedunia.com/public/college_data/images/appImage/9764_DrDYPatil_New.jpg?tr=h-130,w-305,c-force"" height=""130px"" src=""data:image/gif;base64,R0lGODlhAQABAIAAAHd3dwAAACH5BAAAAAAALAAAAAABAAEAAAICRAEAOw==""/","Dr DY Patil College of Pharmacy Akurdi, Pune",B.Pharm ,"Pune, Maharashtra","1,43,053",37.96,82.21,0
"https://images.static-collegedunia.com/public/college_data/images/appImage/1509454461cover.jpg?tr=h-130,w-305,c-force"" height=""130px"" src=""data:image/gif;base64,R0lGODlhAQABAIAAAHd3dwAAACH5BAAAAAAALAAAAAABAAEAAAICRAEAOw==""/","Mumbai University - [MU], Mumbai",B.Pharm ,"Mumbai, Maharashtra",,88.83,98.5,0
"https://images.static-collegedunia.com/public/college_data/images/appImage/9791_PRCP_APP.jpg?tr=h-130,w-305,c-force"" height=""130px"" src=""data:image/gif;base64,R0lGODlhAQABAIAAAHd3dwAAACH5BAAAAAAALAAAAAABAAEAAAICRAEAOw==""/","Pravara Rural College of Pharmacy (Diploma), Ahmed Nagar",B.Pharm ,"Nagar, Maharashtra","1,20,000",70.63,93.68,0
"https://images.static-collegedunia.com/public/college_data/images/appImage/9838_RDCOP_New.jpg?tr=h-130,w-305,c-force"" height=""130px"" src=""data:image/gif;base64,R0lGODlhAQABAIAAAHd3dwAAACH5BAAAAAAALAAAAAABAAEAAAICRAEAOw==""/","Rajgad Dnyanpeeth's College of Pharmacy - [RDCOP] Bhor, Pune",B.Pharm ,"Pune, Maharashtra","74,000",67.37,87.86,0
"https://images.static-collegedunia.com/public/college_data/images/appImage/9456_Pharmacy cover.jpg?tr=h-130,w-305,c-force"" height=""130px"" src=""data:image/gif;base64,R0lGODlhAQABAIAAAHd3dwAAACH5BAAAAAAALAAAAAABAAEAAAICRAEAOw==""/","Government College of Pharmacy, Aurangabad",B.Pharm ,"Aurangabad, Maharashtra","16,000",0,98.03,0
"https://images.static-collegedunia.com/public/college_data/images/appImage/57014_nmims 2.jpg?tr=h-130,w-305,c-force"" height=""130px"" src=""data:image/gif;base64,R0lGODlhAQABAIAAAHd3dwAAACH5BAAAAAAALAAAAAABAAEAAAICRAEAOw==""/","SVKM's  Narsee Monjee Institute of Management Studies - [NMIMS University], Shirpur",B.Pharm ,"Shirpur, Maharashtra","2,52,000",92.47,98.56,89.89
"https://images.static-collegedunia.com/public/college_data/images/appImage/28511_COE_NEW.jpg?tr=h-130,w-305,c-force"" height=""130px"" src=""data:image/gif;base64,R0lGODlhAQABAIAAAHd3dwAAACH5BAAAAAAALAAAAAABAAEAAAICRAEAOw==""/","Indira Group of Institute - [IGI], Pune",B.Pharm ,"Pune, Maharashtra","1,25,000",54.72,91.08,0
"https://images.static-collegedunia.com/public/college_data/images/appImage/1536219933IGICover.jpg?tr=h-130,w-305,c-force"" height=""130px"" src=""data:image/gif;base64,R0lGODlhAQABAIAAAHd3dwAAACH5BAAAAAAALAAAAAABAAEAAAICRAEAOw==""/","Yashoda Technical Campus - [YTC], Satara",B.Pharm ,"Satara, Maharashtra","86,000",51.41,93.93,0
"https://images.static-collegedunia.com/public/college_data/images/appImage/1591354337Amravati01.jpg?tr=h-130,w-305,c-force"" height=""130px"" src=""data:image/gif;base64,R0lGODlhAQABAIAAAHd3dwAAACH5BAAAAAAALAAAAAABAAEAAAICRAEAOw==""/","Anjuman-I-Islam's Kalsekar Technical Campus - [AIKTC], Navi Mumbai",B.Pharm ,"Mumbai, Maharashtra","98,500",71.13,90.66,86.91
"https://images.static-collegedunia.com/public/college_data/images/appImage/1487586236cover.jpg?tr=h-130,w-305,c-force"" height=""130px"" src=""data:image/gif;base64,R0lGODlhAQABAIAAAHd3dwAAACH5BAAAAAAALAAAAAABAAEAAAICRAEAOw==""/","Shri Balasaheb Mane Shikshan Prasarak Mandal - [SBMSPM], Kolhapur",B.Pharm ,"Kolhapur, Maharashtra","88,000",65.78,90.96,0
"https://images.static-collegedunia.com/public/college_data/images/appImage/28644_BSMPM_APP.jpg?tr=h-130,w-305,c-force"" height=""130px"" src=""data:image/gif;base64,R0lGODlhAQABAIAAAHd3dwAAACH5BAAAAAAALAAAAAABAAEAAAICRAEAOw==""/","Abhinav Education Society's College of Pharmacy, Pune",B.Pharm ,"Pune, Maharashtra","99,000",83.54,95.2,0
"https://images.static-collegedunia.com/public/college_data/images/appImage/9219_agnihotri_new.jpg?tr=h-130,w-305,c-force"" height=""130px"" src=""data:image/gif;base64,R0lGODlhAQABAIAAAHd3dwAAACH5BAAAAAAALAAAAAABAAEAAAICRAEAOw==""/","Alard College of Pharmacy - [ACP], Pune",B.Pharm ,"Pune, Maharashtra","95,500",71.64,89.27,14.26
"https://images.static-collegedunia.com/public/college_data/images/appImage/9231_ACP_New.jpg?tr=h-130,w-305,c-force"" height=""130px"" src=""data:image/gif;base64,R0lGODlhAQABAIAAAHd3dwAAACH5BAAAAAAALAAAAAABAAEAAAICRAEAOw==""/","Amrutvahini College of Pharmacy Sangamner, Ahmed Nagar",B.Pharm ,"Nagar, Maharashtra","1,20,000",69.58,98.01,0
"https://images.static-collegedunia.com/public/college_data/images/appImage/9402_DVPPC_APP.jpg?tr=h-130,w-305,c-force"" height=""130px"" src=""data:image/gif;base64,R0lGODlhAQABAIAAAHd3dwAAACH5BAAAAAAALAAAAAABAAEAAAICRAEAOw==""/","Gahlot Institute of Pharmacy, Navi Mumbai",B.Pharm ,"Mumbai, Maharashtra","98,000",75.92,95.38,0
"https://images.static-collegedunia.com/public/college_data/images/appImage/9594_KNCP_New.png?tr=h-130,w-305,c-force"" height=""130px"" src=""data:image/gif;base64,R0lGODlhAQABAIAAAHd3dwAAACH5BAAAAAAALAAAAAABAAEAAAICRAEAOw==""/","Kasturi Shikshan Sanstha College of  Pharmacy Shikrapur, Pune",B.Pharm ,"Pune, Maharashtra","83,500",59.01,86.22,0
"https://images.static-collegedunia.com/public/college_data/images/appImage/9601_KSSCP_APP.jpg?tr=h-130,w-305,c-force"" height=""130px"" src=""data:image/gif;base64,R0lGODlhAQABAIAAAHd3dwAAACH5BAAAAAAALAAAAAABAAEAAAICRAEAOw==""/","Late Narayandas Bhawandas Chhabada Institute of Pharmacy - [LNBCIOP], Satara",B.Pharm ,"Satara, Maharashtra","83,500",61.21,91.49,0
"https://images.static-collegedunia.com/public/college_data/images/appImage/16031854001.jpg?tr=h-130,w-305,c-force"" height=""130px"" src=""data:image/gif;base64,R0lGODlhAQABAIAAAHd3dwAAACH5BAAAAAAALAAAAAABAAEAAAICRAEAOw==""/","Mahatma Gandhi Vidyamandir's Pharmacy College Panchavati, Nashik",B.Pharm ,"Nashik, Maharashtra","1,25,000",78.89,96.82,0
"https://images.static-collegedunia.com/public/college_data/images/appImage/9643_MGCP_APP.jpg?tr=h-130,w-305,c-force"" height=""130px"" src=""data:image/gif;base64,R0lGODlhAQABAIAAAHd3dwAAACH5BAAAAAAALAAAAAABAAEAAAICRAEAOw==""/","Mula Education Society's College of Pharmacy, Ahmed Nagar",B.Pharm ,"Nagar, Maharashtra","1,15,000",61.93,91.49,0
"https://images.static-collegedunia.com/public/college_data/images/appImage/9718_NANDANPCOL_APP.jpg?tr=h-130,w-305,c-force"" height=""130px"" src=""data:image/gif;base64,R0lGODlhAQABAIAAAHd3dwAAACH5BAAAAAAALAAAAAABAAEAAAICRAEAOw==""/","Oriental College of Pharmacy - [OCP], Navi Mumbai",B.Pharm ,"Mumbai, Maharashtra","5,34,000",83.64,96.28,81.92
"https://images.static-collegedunia.com/public/college_data/images/appImage/9908_SPHCP_APP.jpg?tr=h-130,w-305,c-force"" height=""130px"" src=""data:image/gif;base64,R0lGODlhAQABAIAAAHd3dwAAACH5BAAAAAAALAAAAAABAAEAAAICRAEAOw==""/","Sanjivani College of Pharmaceutical Education & Research Kopargaon, Ahmed Nagar",B.Pharm ,"Nagar, Maharashtra","6,56,000",66.58,94.75,0
"https://images.static-collegedunia.com/public/college_data/images/appImage/1604323494839457461154648600022406587843451054718976o.jpg?tr=h-130,w-305,c-force"" height=""130px"" src=""data:image/gif;base64,R0lGODlhAQABAIAAAHd3dwAAACH5BAAAAAAALAAAAAABAAEAAAICRAEAOw==""/","Sant Gajanan Maharaj College of Pharmacy - [SGMCP], Kolhapur",B.Pharm ,"Kolhapur, Maharashtra","87,000",54.98,91.7,0
"https://images.static-collegedunia.com/public/college_data/images/appImage/9941_SGRSCP_New.jpg?tr=h-130,w-305,c-force"" height=""130px"" src=""data:image/gif;base64,R0lGODlhAQABAIAAAHd3dwAAACH5BAAAAAAALAAAAAABAAEAAAICRAEAOw==""/","Shivlingeshwar College of Pharmacy - [SCOP], Latur",B.Pharm ,"Latur, Maharashtra","82,000",78.24,96.34,0
"https://images.static-collegedunia.com/public/college_data/images/appImage/9966_SCOPML_APP.jpg?tr=h-130,w-305,c-force"" height=""130px"" src=""data:image/gif;base64,R0lGODlhAQABAIAAAHd3dwAAACH5BAAAAAAALAAAAAABAAEAAAICRAEAOw==""/","Shree Sainath College of Pharmacy - [SSCP], Nagpur",B.Pharm ,"Nagpur, Maharashtra","69,000",56.73,88.84,0
"https://images.static-collegedunia.com/public/college_data/images/appImage/1628768198Screenshot76.png?tr=h-130,w-305,c-force"" height=""130px"" src=""data:image/gif;base64,R0lGODlhAQABAIAAAHd3dwAAACH5BAAAAAAALAAAAAABAAEAAAICRAEAOw==""/","Sinhgad Institute of Pharmacy - [SIOP] Narhe, Pune",B.Pharm ,"Pune, Maharashtra","1,25,500",79.88,96,0
"https://images.static-collegedunia.com/public/college_data/images/appImage/10097_SNIP_NEW.jpg?tr=h-130,w-305,c-force"" height=""130px"" src=""data:image/gif;base64,R0lGODlhAQABAIAAAHd3dwAAACH5BAAAAAAALAAAAAABAAEAAAICRAEAOw==""/","Tatyasaheb Kore College of Pharmacy, Kolhapur",B.Pharm ,"Kolhapur, Maharashtra","1,04,000",66.58,94.3,0
"https://images.static-collegedunia.com/public/college_data/images/appImage/10171_VBCOP_NEW.jpg?tr=h-130,w-305,c-force"" height=""130px"" src=""data:image/gif;base64,R0lGODlhAQABAIAAAHd3dwAAACH5BAAAAAAALAAAAAABAAEAAAICRAEAOw==""/","Yash Institute of Pharmacy, Aurangabad",B.Pharm ,"Aurangabad, Maharashtra","1,03,000",72.46,94.11,0
"https://images.static-collegedunia.com/public/college_data/images/appImage/25701_GU_NEW.jpg?tr=h-130,w-305,c-force"" height=""130px"" src=""data:image/gif;base64,R0lGODlhAQABAIAAAHd3dwAAACH5BAAAAAAALAAAAAABAAEAAAICRAEAOw==""/","Swami Ramanand Teerth Marathwada University - [SRTMUN], Nanded",B.Pharm ,"Nanded, Maharashtra","30,097",49.47,87.77,0
"https://images.static-collegedunia.com/public/college_data/images/appImage/1498547353asd.png?tr=h-130,w-305,c-force"" height=""130px"" src=""data:image/gif;base64,R0lGODlhAQABAIAAAHd3dwAAACH5BAAAAAAALAAAAAABAAEAAAICRAEAOw==""/","Rajarshi Shahu College of Pharmacy and Research - [RSCPR], Pune",B.Pharm ,"Pune, Maharashtra","92,000",75.51,93.44,0
"https://images.static-collegedunia.com/public/college_data/images/appImage/1498648708sd.png?tr=h-130,w-305,c-force"" height=""130px"" src=""data:image/gif;base64,R0lGODlhAQABAIAAAHd3dwAAACH5BAAAAAAALAAAAAABAAEAAAICRAEAOw==""/","Channabasweshwar Pharmacy College, Latur",B.Pharm ,"Latur, Maharashtra","87,000",74.18,95.77,0
"https://images.static-collegedunia.com/public/college_data/images/appImage/1498804749ccccccccccccccccccccccc.png?tr=h-130,w-305,c-force"" height=""130px"" src=""data:image/gif;base64,R0lGODlhAQABAIAAAHd3dwAAACH5BAAAAAAALAAAAAABAAEAAAICRAEAOw==""/","Dayanand College of Pharmacy - [DCOP], Latur",B.Pharm ,"Latur, Maharashtra","90,000",75.21,95.77,0
"https://images.static-collegedunia.com/public/college_data/images/appImage/1498808201cammmmmmmmmmmmmmmmmmmmmmmmmmmmmmmmmmmmmmm.png?tr=h-130,w-305,c-force"" height=""130px"" src=""data:image/gif;base64,R0lGODlhAQABAIAAAHd3dwAAACH5BAAAAAAALAAAAAABAAEAAAICRAEAOw==""/","Govindrao Nikam College of Pharmacy Sawarde, Ratnagiri",B.Pharm ,"Ratnagiri, Maharashtra","95,000",49.47,91.16,0
"https://images.static-collegedunia.com/public/college_data/images/appImage/1498817070sdcasd.png?tr=h-130,w-305,c-force"" height=""130px"" src=""data:image/gif;base64,R0lGODlhAQABAIAAAHd3dwAAACH5BAAAAAAALAAAAAABAAEAAAICRAEAOw==""/","Dattakala College of Pharmacy - [DKCOP], Pune",B.Pharm ,"Pune, Maharashtra","1,03,000",80.74,90.24,0
"https://images.static-collegedunia.com/public/college_data/images/appImage/14988881801443437288BAMUNEW.jpg?tr=h-130,w-305,c-force"" height=""130px"" src=""data:image/gif;base64,R0lGODlhAQABAIAAAHd3dwAAACH5BAAAAAAALAAAAAABAAEAAAICRAEAOw==""/","Maharashtra College of Pharmacy - [MCPN], Nilanga",B.Pharm ,"Nilanga, Maharashtra","95,000",87.22,97.75,86.58
"https://images.static-collegedunia.com/public/college_data/images/appImage/1498900544cccccccccccmmmmmmmmm.jpg?tr=h-130,w-305,c-force"" height=""130px"" src=""data:image/gif;base64,R0lGODlhAQABAIAAAHd3dwAAACH5BAAAAAAALAAAAAABAAEAAAICRAEAOw==""/","NCRD's Sterling Institute of Pharmacy, Navi Mumbai",B.Pharm ,"Mumbai, Maharashtra","1,28,000",79.88,96.53,0
"https://images.static-collegedunia.com/public/college_data/images/appImage/14989081651.jpg?tr=h-130,w-305,c-force"" height=""130px"" src=""data:image/gif;base64,R0lGODlhAQABAIAAAHd3dwAAACH5BAAAAAAALAAAAAABAAEAAAICRAEAOw==""/","Anand Charitable Sanstha's College of Pharmaceutical Science and Research, Ashti",B.Pharm ,"Ashti, Maharashtra","62,000",38.72,86.47,0
"https://images.static-collegedunia.com/public/college_data/images/appImage/1499065981DDDDDDDDDDDDDDDD.jpg?tr=h-130,w-305,c-force"" height=""130px"" src=""data:image/gif;base64,R0lGODlhAQABAIAAAHd3dwAAACH5BAAAAAAALAAAAAABAAEAAAICRAEAOw==""/","Konkan Gyanpeeth Rahul Dharkar College of Pharmacy and Research Institute - [KGRDCP & RI], Karjat",B.Pharm ,"Karjat, Maharashtra","1,24,000",58.05,91.29,0
"https://images.static-collegedunia.com/public/college_data/images/appImage/1499425364ccccccccfdfgd.png?tr=h-130,w-305,c-force"" height=""130px"" src=""data:image/gif;base64,R0lGODlhAQABAIAAAHd3dwAAACH5BAAAAAAALAAAAAABAAEAAAICRAEAOw==""/","St. John Institute of Pharmacy and Research - [SJIPR], Palghar",B.Pharm ,"Palghar, Maharashtra","1,35,000",64.55,90.64,0
"https://images.static-collegedunia.com/public/college_data/images/appImage/1499430556cccccccccccccccccccccccca.jpg?tr=h-130,w-305,c-force"" height=""130px"" src=""data:image/gif;base64,R0lGODlhAQABAIAAAHd3dwAAACH5BAAAAAAALAAAAAABAAEAAAICRAEAOw==""/","Adarsh College of Pharmacy - [ACOP] Vita, Sangli",B.Pharm ,"Sangli, Maharashtra","95,000",68.88,91.6,77.66
"https://images.static-collegedunia.com/public/college_data/images/appImage/1499681159cgfchgcvjhbkbjkbjkk.png?tr=h-130,w-305,c-force"" height=""130px"" src=""data:image/gif;base64,R0lGODlhAQABAIAAAHd3dwAAACH5BAAAAAAALAAAAAABAAEAAAICRAEAOw==""/","Meruling Shikshan Sanstha's College of Pharmacy Medha, Satara",B.Pharm ,"Satara, Maharashtra","88,000",34.61,80.82,0
"https://images.static-collegedunia.com/public/college_data/images/appImage/1499686401cscdscs.png?tr=h-130,w-305,c-force"" height=""130px"" src=""data:image/gif;base64,R0lGODlhAQABAIAAAHd3dwAAACH5BAAAAAAALAAAAAABAAEAAAICRAEAOw==""/","Viva Institute of Pharmacy Virar, Palghar",B.Pharm ,"Palghar, Maharashtra","84,000",78.24,98.16,0
"https://images.static-collegedunia.com/public/college_data/images/appImage/1500104525cover.jpg?tr=h-130,w-305,c-force"" height=""130px"" src=""data:image/gif;base64,R0lGODlhAQABAIAAAHd3dwAAACH5BAAAAAAALAAAAAABAAEAAAICRAEAOw==""/","Ashokrao Mane College of Pharmacy - [AMCOP], Kolhapur",B.Pharm ,"Kolhapur, Maharashtra","1,05,000",42.14,83.9,0
"https://images.static-collegedunia.com/public/college_data/images/appImage/1500283669banner.jpg?tr=h-130,w-305,c-force"" height=""130px"" src=""data:image/gif;base64,R0lGODlhAQABAIAAAHd3dwAAACH5BAAAAAAALAAAAAABAAEAAAICRAEAOw==""/","Charak College of Pharmacy & Research - [CCPR] Wagholi, Pune",B.Pharm ,"Pune, Maharashtra","88,000",71.13,91.21,0
"https://images.static-collegedunia.com/public/college_data/images/appImage/1500293059charakcollegeofpharmacyresearchwagholipune2.jpg?tr=h-130,w-305,c-force"" height=""130px"" src=""data:image/gif;base64,R0lGODlhAQABAIAAAHd3dwAAACH5BAAAAAAALAAAAAABAAEAAAICRAEAOw==""/","Marathwada Mitra Mandal's College of Pharmacy - [MMCOP], Pune",B.Pharm ,"Pune, Maharashtra","1,15,000",73.26,93.38,0
"https://images.static-collegedunia.com/public/college_data/images/appImage/1564551577Screenshotfrom20190731110812.png?tr=h-130,w-305,c-force"" height=""130px"" src=""data:image/gif;base64,R0lGODlhAQABAIAAAHd3dwAAACH5BAAAAAAALAAAAAABAAEAAAICRAEAOw==""/","K. K. Wagh College of Pharmacy - [KKWCP], Nashik",B.Pharm ,"Nashik, Maharashtra","1,20,000",71.3,95.5,0
"https://images.static-collegedunia.com/public/college_data/images/appImage/1586156120kkcover.jpg?tr=h-130,w-305,c-force"" height=""130px"" src=""data:image/gif;base64,R0lGODlhAQABAIAAAHd3dwAAACH5BAAAAAAALAAAAAABAAEAAAICRAEAOw==""/","Nagpur College of Pharmacy  - [NCP], Nagpur",B.Pharm ,"Nagpur, Maharashtra","80,000",56.38,89.97,0
"https://images.static-collegedunia.com/public/college_data/images/appImage/1599725950Annotation20200910134209.jpg?tr=h-130,w-305,c-force"" height=""130px"" src=""data:image/gif;base64,R0lGODlhAQABAIAAAHd3dwAAACH5BAAAAAAALAAAAAABAAEAAAICRAEAOw==""/","Ahinsa Institute of Pharmacy, Dhule",B.Pharm ,"Dhule, Maharashtra","80,000",35.73,80.58,1.48
"https://images.static-collegedunia.com/public/college_data/images/appImage/1599976641Screenshot20200913112426.jpg?tr=h-130,w-305,c-force"" height=""130px"" src=""data:image/gif;base64,R0lGODlhAQABAIAAAHd3dwAAACH5BAAAAAAALAAAAAABAAEAAAICRAEAOw==""/","Navsahyadri Institute of Pharmacy, Pune",B.Pharm ,"Pune, Maharashtra","90,000",51.41,83.42,0
"https://images.static-collegedunia.com/public/college_data/images/appImage/_LAW1.jpg?tr=h-130,w-305,c-force"" height=""130px"" src=""data:image/gif;base64,R0lGODlhAQABAIAAAHd3dwAAACH5BAAAAAAALAAAAAABAAEAAAICRAEAOw==""/","Shobhaben Pratapbhai Patel School of Pharmacy & Technology Management - [SPPSPTM], Mumbai",B.Pharm ,"Mumbai, Maharashtra","4,02,000",43.32,,
"https://images.static-collegedunia.com/public/college_data/images/appImage/10193_building.jpg?tr=h-130,w-305,c-force"" height=""130px"" src=""data:image/gif;base64,R0lGODlhAQABAIAAAHd3dwAAACH5BAAAAAAALAAAAAABAAEAAAICRAEAOw==""/","Y. B. Chavan College of Pharmacy, Aurangabad",B.Pharm ,"Aurangabad, Maharashtra","1,30,000",40.54,,
"https://images.static-collegedunia.com/public/college_data/images/appImage/9808_RCPIPER_New.png?tr=h-130,w-305,c-force"" height=""130px"" src=""data:image/gif;base64,R0lGODlhAQABAIAAAHd3dwAAACH5BAAAAAAALAAAAAABAAEAAAICRAEAOw==""/","RC Patel Institute of Pharmacutical Education and Research - [RCPIPER], Dhule",B.Pharm ,"Dhule, Maharashtra","1,00,000",43.34,,
"https://images.static-collegedunia.com/public/college_data/images/appImage/9763_PDDY_APP.jpg?tr=h-130,w-305,c-force"" height=""130px"" src=""data:image/gif;base64,R0lGODlhAQABAIAAAHd3dwAAACH5BAAAAAAALAAAAAABAAEAAAICRAEAOw==""/","Dr. D.Y. Patil Institute of Pharmaceutical Sciences and Research - [DYPIPSR] Pimpri, Pune",B.Pharm ,"Pune, Maharashtra","1,30,000",48.27,,
"https://images.static-collegedunia.com/public/college_data/images/appImage/9305_bharti_new.jpg?tr=h-130,w-305,c-force"" height=""130px"" src=""data:image/gif;base64,R0lGODlhAQABAIAAAHd3dwAAACH5BAAAAAAALAAAAAABAAEAAAICRAEAOw==""/","Bharati Vidyapeeth College of Pharmacy - [BVCOP], Kolhapur",B.Pharm ,"Kolhapur, Maharashtra","1,48,292",43.74,,
"https://images.static-collegedunia.com/public/college_data/images/appImage/10025_SKBCP_New.jpg?tr=h-130,w-305,c-force"" height=""130px"" src=""data:image/gif;base64,R0lGODlhAQABAIAAAHd3dwAAACH5BAAAAAAALAAAAAABAAEAAAICRAEAOw==""/","Smt Kishoritai Bhoyar College of Pharmacy, Nagpur",B.Pharm ,"Nagpur, Maharashtra","1,24,000",44.91,,
"https://images.static-collegedunia.com/public/college_data/images/appImage/9579_Untitled.png?tr=h-130,w-305,c-force"" height=""130px"" src=""data:image/gif;base64,R0lGODlhAQABAIAAAHd3dwAAACH5BAAAAAAALAAAAAABAAEAAAICRAEAOw==""/","Principal K.M. Kundnani College of Pharmacy - [KMKCP], Mumbai",B.Pharm ,"Mumbai, Maharashtra","18,210",40.22,,
"https://images.static-collegedunia.com/public/college_data/images/appImage/_e2n1ytggjhnyk2ehartl.jpg?tr=h-130,w-305,c-force"" height=""130px"" src=""data:image/gif;base64,R0lGODlhAQABAIAAAHd3dwAAACH5BAAAAAAALAAAAAABAAEAAAICRAEAOw==""/","Maeer's Maharashtra Institute of Pharmacy - [MIP], Pune",B.Pharm ,"Pune, Maharashtra","2,61,758",49.32,,
"https://images.static-collegedunia.com/public/college_data/images/appImage/_11136651_346707688872453_7801850492282602340_n.jpg?tr=h-130,w-305,c-force"" height=""130px"" src=""data:image/gif;base64,R0lGODlhAQABAIAAAHd3dwAAACH5BAAAAAAALAAAAAABAAEAAAICRAEAOw==""/","VES College of Pharmacy - [VESCOP], Mumbai",B.Pharm ,"Mumbai, Maharashtra","1,81,208",51.34,,
"https://images.static-collegedunia.com/public/college_data/images/appImage/1568030777m1.png?tr=h-130,w-305,c-force"" height=""130px"" src=""data:image/gif;base64,R0lGODlhAQABAIAAAHd3dwAAACH5BAAAAAAALAAAAAABAAEAAAICRAEAOw==""/","MVP Samaj's College of Pharmacy, Nashik",B.Pharm ,"Nashik, Maharashtra","90,000",41.1,,
"https://images.static-collegedunia.com/public/college_data/images/appImage/9696_MODERNCOL_APP.jpg?tr=h-130,w-305,c-force"" height=""130px"" src=""data:image/gif;base64,R0lGODlhAQABAIAAAHd3dwAAACH5BAAAAAAALAAAAAABAAEAAAICRAEAOw==""/","Modern College of Pharmacy Nigdi, Pune",B.Pharm ,"Pune, Maharashtra","1,15,000",40.92,,
"https://images.static-collegedunia.com/public/college_data/images/appImage/1504593097ccccccccccccaaaaaaaaaaammmmmmmmmm.png?tr=h-130,w-305,c-force"" height=""130px"" src=""data:image/gif;base64,R0lGODlhAQABAIAAAHd3dwAAACH5BAAAAAAALAAAAAABAAEAAAICRAEAOw==""/","Savitribai Phule Pune University - [SPPU], Pune",B.Pharm ,"Pune, Maharashtra",,40.56,,
"https://images.static-collegedunia.com/public/college_data/images/appImage/25718_1464177439b8xxd0nb9irvkgv8dhgu.jpg?tr=h-130,w-305,c-force"" height=""130px"" src=""data:image/gif;base64,R0lGODlhAQABAIAAAHd3dwAAACH5BAAAAAAALAAAAAABAAEAAAICRAEAOw==""/","DY Patil University, Navi Mumbai",B.Pharm ,"Mumbai, Maharashtra","3,00,000",40.58,,
"https://images.static-collegedunia.com/public/college_data/images/appImage/16147721421.jpg?tr=h-130,w-305,c-force"" height=""130px"" src=""data:image/gif;base64,R0lGODlhAQABAIAAAHd3dwAAACH5BAAAAAAALAAAAAABAAEAAAICRAEAOw==""/","Narsee Monjee Institute of Management Studies - [NMIMS Deemed to be University], Mumbai",B.Pharm ,"Mumbai, Maharashtra","4,02,000",43.1,,
"https://images.static-collegedunia.com/public/college_data/images/appImage/1595829786EgnColgPic.jpg?tr=h-130,w-305,c-force"" height=""130px"" src=""data:image/gif;base64,R0lGODlhAQABAIAAAHd3dwAAACH5BAAAAAAALAAAAAABAAEAAAICRAEAOw==""/","Bharati Vidyapeeth Deemed University - [BVDU], Pune",B.Pharm ,"Pune, Maharashtra","16,000",41.23,,
"https://images.static-collegedunia.com/public/college_data/images/appImage/9753_PWCP_New.jpg?tr=h-130,w-305,c-force"" height=""130px"" src=""data:image/gif;base64,R0lGODlhAQABAIAAAHd3dwAAACH5BAAAAAAALAAAAAABAAEAAAICRAEAOw==""/","P Wadhwani College of  Pharmacy, Yavatmal",B.Pharm ,"Yavatmal, Maharashtra","95,000",45.12,,
"https://images.static-collegedunia.com/public/college_data/images/appImage/9396_DRBIPER_New.jpg?tr=h-130,w-305,c-force"" height=""130px"" src=""data:image/gif;base64,R0lGODlhAQABAIAAAHd3dwAAACH5BAAAAAAALAAAAAABAAEAAAICRAEAOw==""/","Dr RG Bhoyar Institute of Pharmaceutical Education and Research, Wardha",B.Pharm ,"Wardha, Maharashtra","85,000",35.32,,
"https://images.static-collegedunia.com/public/college_data/images/appImage/9259_ASBC.jpg?tr=h-130,w-305,c-force"" height=""130px"" src=""data:image/gif;base64,R0lGODlhAQABAIAAAHd3dwAAACH5BAAAAAAALAAAAAABAAEAAAICRAEAOw==""/","Appasaheb Birnale College of Pharmacy, Sangli",B.Pharm ,"Sangli, Maharashtra","94,000",40.84,,
"https://images.static-collegedunia.com/public/college_data/images/appImage/9968_SVPM_New.png?tr=h-130,w-305,c-force"" height=""130px"" src=""data:image/gif;base64,R0lGODlhAQABAIAAAHd3dwAAACH5BAAAAAAALAAAAAABAAEAAAICRAEAOw==""/","SVPM's College of Pharmacy  Malegaon, Pune",B.Pharm ,"Pune, Maharashtra","79,000",40.64,,
"https://images.static-collegedunia.com/public/college_data/images/appImage/9761_PSGVPMCP_New.png?tr=h-130,w-305,c-force"" height=""130px"" src=""data:image/gif;base64,R0lGODlhAQABAIAAAHd3dwAAACH5BAAAAAAALAAAAAABAAEAAAICRAEAOw==""/","PSGVP Mandal's College of Pharmacy, Nandurbar",B.Pharm ,"Nandurbar, Maharashtra","69,000",42.89,,
"https://images.static-collegedunia.com/public/college_data/images/appImage/9250_ARACOPH_APP.jpg?tr=h-130,w-305,c-force"" height=""130px"" src=""data:image/gif;base64,R0lGODlhAQABAIAAAHd3dwAAACH5BAAAAAAALAAAAAABAAEAAAICRAEAOw==""/","Annasaheb Ramesh Ajmera College of Pharmacy, Dhule",B.Pharm ,"Dhule, Maharashtra","80,000",40.76,,
"https://images.static-collegedunia.com/public/college_data/images/appImage/25708_app image1.jpg?tr=h-130,w-305,c-force"" height=""130px"" src=""data:image/gif;base64,R0lGODlhAQABAIAAAHd3dwAAACH5BAAAAAAALAAAAAABAAEAAAICRAEAOw==""/","Krishna Institute of Medical Sciences University - [KIMS], Satara",B.Pharm ,"Satara, Maharashtra","1,00,000",41.24,,
"https://images.static-collegedunia.com/public/college_data/images/appImage/1508137794cvr.png?tr=h-130,w-305,c-force"" height=""130px"" src=""data:image/gif;base64,R0lGODlhAQABAIAAAHd3dwAAACH5BAAAAAAALAAAAAABAAEAAAICRAEAOw==""/","Shivaji University - [SUK], Kolhapur",B.Pharm ,"Kolhapur, Maharashtra",,40.55,,
"https://images.static-collegedunia.com/public/college_data/images/appImage/1518500807mitbuilding6.jpg?tr=h-130,w-305,c-force"" height=""130px"" src=""data:image/gif;base64,R0lGODlhAQABAIAAAHd3dwAAACH5BAAAAAAALAAAAAABAAEAAAICRAEAOw==""/","MIT World Peace University - [MITWPU], Pune",B.Pharm ,"Pune, Maharashtra","1,95,000",40.98,,
"https://images.static-collegedunia.com/public/college_data/images/appImage/25724_SNDTWU_New.jpg?tr=h-130,w-305,c-force"" height=""130px"" src=""data:image/gif;base64,R0lGODlhAQABAIAAAHd3dwAAACH5BAAAAAAALAAAAAABAAEAAAICRAEAOw==""/","Shreemati Nathibai Damodar Thackersey Women's University - [SNDT], Mumbai",B.Pharm ,"Mumbai, Maharashtra",,49.87,,
"https://images.static-collegedunia.com/public/college_data/images/appImage/9364_DSBCP_APP.jpg?tr=h-130,w-305,c-force"" height=""130px"" src=""data:image/gif;base64,R0lGODlhAQABAIAAAHd3dwAAACH5BAAAAAAALAAAAAABAAEAAAICRAEAOw==""/","Dada saheb Balpande College of Pharmacy, Nagpur",B.Pharm ,"Nagpur, Maharashtra","1,11,000",45.98,,
"https://images.static-collegedunia.com/public/college_data/images/appImage/1507196078cvr.png?tr=h-130,w-305,c-force"" height=""130px"" src=""data:image/gif;base64,R0lGODlhAQABAIAAAHd3dwAAACH5BAAAAAAALAAAAAABAAEAAAICRAEAOw==""/","Mumbai Educational Trust - [MET], Mumbai",B.Pharm ,"Mumbai, Maharashtra","5,76,000",50.87,,
"https://images.static-collegedunia.com/public/college_data/images/appImage/15808014062.jpg?tr=h-130,w-305,c-force"" height=""130px"" src=""data:image/gif;base64,R0lGODlhAQABAIAAAHd3dwAAACH5BAAAAAAALAAAAAABAAEAAAICRAEAOw==""/","Sapkal Knowledge Hub - [SKH], Nashik",B.Pharm ,"Nashik, Maharashtra","84,500",43.95,,
"https://images.static-collegedunia.com/public/college_data/images/appImage/57415_1.jpg?tr=h-130,w-305,c-force"" height=""130px"" src=""data:image/gif;base64,R0lGODlhAQABAIAAAHd3dwAAACH5BAAAAAAALAAAAAABAAEAAAICRAEAOw==""/","MET Bhujbal Knowledge City, Nashik",B.Pharm ,"Nashik, Maharashtra","1,18,500",52.98,,
"https://images.static-collegedunia.com/public/college_data/images/appImage/15520372413993449621274199475192134100611427331473408n.jpg?tr=h-130,w-305,c-force"" height=""130px"" src=""data:image/gif;base64,R0lGODlhAQABAIAAAHd3dwAAACH5BAAAAAAALAAAAAABAAEAAAICRAEAOw==""/","Chhatrapati Shivaji Maharaj University - [CSMU], Navi Mumbai",B.Pharm ,"Mumbai, Maharashtra","1,41,100",55.67,,
"https://images.static-collegedunia.com/public/college_data/images/appImage/1584080418yy.jpg?tr=h-130,w-305,c-force"" height=""130px"" src=""data:image/gif;base64,R0lGODlhAQABAIAAAHd3dwAAACH5BAAAAAAALAAAAAABAAEAAAICRAEAOw==""/","G. H. Raisoni University - [GHRU], Amravati",B.Pharm ,"Amravati, Maharashtra","1,07,000",42.88,,
"https://images.static-collegedunia.com/public/college_data/images/appImage/28385_ANJUMANIISLAM_APP.jpg?tr=h-130,w-305,c-force"" height=""130px"" src=""data:image/gif;base64,R0lGODlhAQABAIAAAHd3dwAAACH5BAAAAAAALAAAAAABAAEAAAICRAEAOw==""/","Smt Kashibai Navale College of Pharmacy - [SKNCOP] Kondhwa, Pune",B.Pharm ,"Pune, Maharashtra","1,40,000",45.9,,
"https://images.static-collegedunia.com/public/college_data/images/appImage/10022_SCOPM_APP.jpg?tr=h-130,w-305,c-force"" height=""130px"" src=""data:image/gif;base64,R0lGODlhAQABAIAAAHd3dwAAACH5BAAAAAAALAAAAAABAAEAAAICRAEAOw==""/","Dr. D.Y. Patil Vidya Pratishthan Society's, Pune",BA,"Pune, Maharashtra",,41.22,,
"https://images.static-collegedunia.com/public/college_data/images/appImage/28148_DYPATIL.jpg?tr=h-130,w-305,c-force"" height=""130px"" src=""data:image/gif;base64,R0lGODlhAQABAIAAAHd3dwAAACH5BAAAAAAALAAAAAABAAEAAAICRAEAOw==""/","Sanjay Ghodawat University - [SGU], Kolhapur",B.Pharm ,"Kolhapur, Maharashtra","1,05,000",44.42,,
"https://images.static-collegedunia.com/public/college_data/images/appImage/28965_SGITMR_New.jpg?tr=h-130,w-305,c-force"" height=""130px"" src=""data:image/gif;base64,R0lGODlhAQABAIAAAHd3dwAAACH5BAAAAAAALAAAAAABAAEAAAICRAEAOw==""/","Hiray Group of Institutes, Mumbai",B.Pharm ,"Mumbai, Maharashtra","67,770",40.21,,
"https://images.static-collegedunia.com/public/college_data/images/appImage/9202_AESCP_New.jpg?tr=h-130,w-305,c-force"" height=""130px"" src=""data:image/gif;base64,R0lGODlhAQABAIAAAHd3dwAAACH5BAAAAAAALAAAAAABAAEAAAICRAEAOw==""/","Agnihotri College of Pharmacy, Wardha",B.Pharm ,"Wardha, Maharashtra","4,00,000",40.11,,
"https://images.static-collegedunia.com/public/college_data/images/appImage/9228_AlardPharmacycover.jpg?tr=h-130,w-305,c-force"" height=""130px"" src=""data:image/gif;base64,R0lGODlhAQABAIAAAHd3dwAAACH5BAAAAAAALAAAAAABAAEAAAICRAEAOw==""/","Allana College of Pharmacy, Pune",B.Pharm ,"Pune, Maharashtra","1,37,000",47.65,,
"https://images.static-collegedunia.com/public/college_data/images/appImage/9239_amrut-new.jpg?tr=h-130,w-305,c-force"" height=""130px"" src=""data:image/gif;base64,R0lGODlhAQABAIAAAHd3dwAAACH5BAAAAAAALAAAAAABAAEAAAICRAEAOw==""/","DSTS Mandal's College of Pharmacy, Solapur",B.Pharm ,"Solapur, Maharashtra","65,000",40.21,,
"https://images.static-collegedunia.com/public/college_data/images/appImage/9363_DSTS_APP.jpg?tr=h-130,w-305,c-force"" height=""130px"" src=""data:image/gif;base64,R0lGODlhAQABAIAAAHd3dwAAACH5BAAAAAAALAAAAAABAAEAAAICRAEAOw==""/","Dr. J. J. Magdum Pharmacy College, Kolhapur",B.Pharm ,"Kolhapur, Maharashtra","90,000",42.34,,
"https://images.static-collegedunia.com/public/college_data/images/appImage/1594970030banner2.jpg?tr=h-130,w-305,c-force"" height=""130px"" src=""data:image/gif;base64,R0lGODlhAQABAIAAAHd3dwAAACH5BAAAAAAALAAAAAABAAEAAAICRAEAOw==""/","Dr. Vedprakash Patil Pharmacy College, Aurangabad",B.Pharm ,"Aurangabad, Maharashtra","74,000",45.37,,
"https://images.static-collegedunia.com/public/college_data/images/appImage/9428_GIPMUMBAI_APP.jpg?tr=h-130,w-305,c-force"" height=""130px"" src=""data:image/gif;base64,R0lGODlhAQABAIAAAHd3dwAAACH5BAAAAAAALAAAAAABAAEAAAICRAEAOw==""/","Priyadarshini J.L.Chaturvedi College of Pharmacy, Nagpur",B.Pharm ,"Nagpur, Maharashtra","1,15,000",48.45,,
"https://images.static-collegedunia.com/public/college_data/images/appImage/1603437932jlccp1.jpg?tr=h-130,w-305,c-force"" height=""130px"" src=""data:image/gif;base64,R0lGODlhAQABAIAAAHd3dwAAACH5BAAAAAAALAAAAAABAAEAAAICRAEAOw==""/","K.T. Patil College of Pharmacy - [KTPCOP], Osmanabad",B.Pharm ,"Osmanabad, Maharashtra","98,000",44.78,,
"https://images.static-collegedunia.com/public/college_data/images/appImage/160336122312.jpg?tr=h-130,w-305,c-force"" height=""130px"" src=""data:image/gif;base64,R0lGODlhAQABAIAAAHd3dwAAACH5BAAAAAAALAAAAAABAAEAAAICRAEAOw==""/","Kamla Nehru College of Pharmacy, Nagpur",B.Pharm ,"Nagpur, Maharashtra","1,00,000",42.34,,
"https://images.static-collegedunia.com/public/college_data/images/appImage/1603125203201.jpg?tr=h-130,w-305,c-force"" height=""130px"" src=""data:image/gif;base64,R0lGODlhAQABAIAAAHd3dwAAACH5BAAAAAAALAAAAAABAAEAAAICRAEAOw==""/","Nanded Pharmacy College, Nanded",B.Pharm ,"Nanded, Maharashtra","84,000",40.31,,
"https://images.static-collegedunia.com/public/college_data/images/appImage/9750_OCPPHAR_APP.jpg?tr=h-130,w-305,c-force"" height=""130px"" src=""data:image/gif;base64,R0lGODlhAQABAIAAAHd3dwAAACH5BAAAAAAALAAAAAABAAEAAAICRAEAOw==""/","RG Sapkal College of Pharmacy - [RGSCOP], Nashik",B.Pharm ,"Nashik, Maharashtra","98,000",42.57,,
"https://images.static-collegedunia.com/public/college_data/images/appImage/9811_RGSCP_APP.jpg?tr=h-130,w-305,c-force"" height=""130px"" src=""data:image/gif;base64,R0lGODlhAQABAIAAAHd3dwAAACH5BAAAAAAALAAAAAABAAEAAAICRAEAOw==""/","SVB Pharmacy of College, Thane",B.Pharm ,"Thane, Maharashtra","4,90,000",45.98,,
"https://images.static-collegedunia.com/public/college_data/images/appImage/9889_SVBPC_New.jpg?tr=h-130,w-305,c-force"" height=""130px"" src=""data:image/gif;base64,R0lGODlhAQABAIAAAHd3dwAAACH5BAAAAAAALAAAAAABAAEAAAICRAEAOw==""/","Sahyadri College of Pharmacy, Solapur",B.Pharm ,"Solapur, Maharashtra","90,000",40.42,,
"https://images.static-collegedunia.com/public/college_data/images/appImage/1603188795build.jpg?tr=h-130,w-305,c-force"" height=""130px"" src=""data:image/gif;base64,R0lGODlhAQABAIAAAHd3dwAAACH5BAAAAAAALAAAAAABAAEAAAICRAEAOw==""/","Samajshri Prashantdada Hiray College of Pharmacy Malegaon, Nashik",B.Pharm ,"Nashik, Maharashtra","4,08,000",62.32,,
"https://images.static-collegedunia.com/public/college_data/images/appImage/16032834091.jpg?tr=h-130,w-305,c-force"" height=""130px"" src=""data:image/gif;base64,R0lGODlhAQABAIAAAHd3dwAAACH5BAAAAAAALAAAAAABAAEAAAICRAEAOw==""/","Satara College of Pharmacy - [SCOP], Satara",B.Pharm ,"Satara, Maharashtra","70,000",48.91,,
"https://images.static-collegedunia.com/public/college_data/images/appImage/9937_SATARACOP_APP.jpg?tr=h-130,w-305,c-force"" height=""130px"" src=""data:image/gif;base64,R0lGODlhAQABAIAAAHd3dwAAACH5BAAAAAAALAAAAAABAAEAAAICRAEAOw==""/","Seth Govind Raghunath Sable College of Pharmacy Saswad, Pune",B.Pharm ,"Pune, Maharashtra","1,20,000",50.34,,
"https://images.static-collegedunia.com/public/college_data/images/appImage/16030892491.png?tr=h-130,w-305,c-force"" height=""130px"" src=""data:image/gif;base64,R0lGODlhAQABAIAAAHd3dwAAACH5BAAAAAAALAAAAAABAAEAAAICRAEAOw==""/","Shree Santkrupa College of Pharmacy - [SSCOP], Satara",B.Pharm ,"Satara, Maharashtra","87,000",60.32,,
"https://images.static-collegedunia.com/public/college_data/images/appImage/9979_SSCOP_APP.jpg?tr=h-130,w-305,c-force"" height=""130px"" src=""data:image/gif;base64,R0lGODlhAQABAIAAAHd3dwAAACH5BAAAAAAALAAAAAABAAEAAAICRAEAOw==""/","Siddhant College of Pharmacy Sudumbare, Pune",B.Pharm ,"Pune, Maharashtra","1,00,000",40.32,,
"https://images.static-collegedunia.com/public/college_data/images/appImage/10016_SIOP_New.jpg?tr=h-130,w-305,c-force"" height=""130px"" src=""data:image/gif;base64,R0lGODlhAQABAIAAAHd3dwAAACH5BAAAAAAALAAAAAABAAEAAAICRAEAOw==""/","Smt Sharadchandrika Suresh Patil College of Pharmacy, Chopda",B.Pharm ,"Chopda, Maharashtra","1,05,000",60.32,,
"https://images.static-collegedunia.com/public/college_data/images/appImage/10029_SSSCP_APP.jpg?tr=h-130,w-305,c-force"" height=""130px"" src=""data:image/gif;base64,R0lGODlhAQABAIAAAHd3dwAAACH5BAAAAAAALAAAAAABAAEAAAICRAEAOw==""/","Sudhakarrao Naik Institute of Pharmacy, Yavatmal",B.Pharm ,"Yavatmal, Maharashtra","4,00,000",61.23,,
"https://images.static-collegedunia.com/public/college_data/images/appImage/10122_TKCP_New.png?tr=h-130,w-305,c-force"" height=""130px"" src=""data:image/gif;base64,R0lGODlhAQABAIAAAHd3dwAAACH5BAAAAAAALAAAAAABAAEAAAICRAEAOw==""/","Vidyabharti College of Pharmacy, Amravati",B.Pharm ,"Amravati, Maharashtra","3,44,000",46.87,,
"https://images.static-collegedunia.com/public/college_data/images/appImage/10197_building.png?tr=h-130,w-305,c-force"" height=""130px"" src=""data:image/gif;base64,R0lGODlhAQABAIAAAHd3dwAAACH5BAAAAAAALAAAAAABAAEAAAICRAEAOw==""/","Rajaram Shinde Degree College of Pharmacy, Ratnagiri",B.Pharm ,"Ratnagiri, Maharashtra","2,00,000",43.98,,
"https://images.static-collegedunia.com/public/college_data/images/appImage/22010_RSDCP_New.jpg?tr=h-130,w-305,c-force"" height=""130px"" src=""data:image/gif;base64,R0lGODlhAQABAIAAAHd3dwAAACH5BAAAAAAALAAAAAABAAEAAAICRAEAOw==""/","Datta Meghe Institute of Medical Sciences - [DMIMS], Wardha",B.Pharm ,"Wardha, Maharashtra","97,000",63.27,,
"https://images.static-collegedunia.com/public/college_data/images/appImage/25691_DMIMSU_NEW.jpg?tr=h-130,w-305,c-force"" height=""130px"" src=""data:image/gif;base64,R0lGODlhAQABAIAAAHd3dwAAACH5BAAAAAAALAAAAAABAAEAAAICRAEAOw==""/","Dr. Babasaheb Ambedkar Technological University - [DBATU], Lonere",B.Pharm ,"Lonere, Maharashtra",,44.23,,
"https://images.static-collegedunia.com/public/college_data/images/appImage/25696_DBATU_New.jpg?tr=h-130,w-305,c-force"" height=""130px"" src=""data:image/gif;base64,R0lGODlhAQABAIAAAHd3dwAAACH5BAAAAAAALAAAAAABAAEAAAICRAEAOw==""/","Gondwana University - [GU], Gadchiroli",B.Pharm ,"Gadchiroli, Maharashtra",,45.78,,
"https://images.static-collegedunia.com/public/college_data/images/appImage/1508850407cover.jpg?tr=h-130,w-305,c-force"" height=""130px"" src=""data:image/gif;base64,R0lGODlhAQABAIAAAHd3dwAAACH5BAAAAAAALAAAAAABAAEAAAICRAEAOw==""/","AISSMS College of Pharmacy - [AISSMS COP], Pune",B.Pharm ,"Pune, Maharashtra","1,50,000",47.87,,
"https://images.static-collegedunia.com/public/college_data/images/appImage/159628048720191212.jpg?tr=h-130,w-305,c-force"" height=""130px"" src=""data:image/gif;base64,R0lGODlhAQABAIAAAHd3dwAAACH5BAAAAAAALAAAAAABAAEAAAICRAEAOw==""/","Arvind Gavali College of Pharmacy, Satara",B.Pharm ,"Satara, Maharashtra","89,000",40.21,,
"https://images.static-collegedunia.com/public/college_data/images/appImage/_Untitled.8png.png?tr=h-130,w-305,c-force"" height=""130px"" src=""data:image/gif;base64,R0lGODlhAQABAIAAAHd3dwAAACH5BAAAAAAALAAAAAABAAEAAAICRAEAOw==""/","HSNCB's Hiranandani College Of Pharmacy - [DLHHCOP], Mumbai",B.Pharm ,"Mumbai, Maharashtra","5,43,000",40.78,,
"https://images.static-collegedunia.com/public/college_data/images/appImage/56678_3.jpeg?tr=h-130,w-305,c-force"" height=""130px"" src=""data:image/gif;base64,R0lGODlhAQABAIAAAHd3dwAAACH5BAAAAAAALAAAAAABAAEAAAICRAEAOw==""/","SVKM'S NMIMS, School of Pharmacy & Technology Management - [SPTM], Shirpur",B.Pharm ,"Shirpur, Maharashtra","2,52,000",47.98,,
"https://images.static-collegedunia.com/public/college_data/images/appImage/_scl.jpg?tr=h-130,w-305,c-force"" height=""130px"" src=""data:image/gif;base64,R0lGODlhAQABAIAAAHd3dwAAACH5BAAAAAAALAAAAAABAAEAAAICRAEAOw==""/","Sandip Institute of Pharmaceutical Sciences - [SIPS], Nashik",B.Pharm ,"Nashik, Maharashtra","1,30,000",50.34,,
"https://images.static-collegedunia.com/public/college_data/images/appImage/57285_phamCover1.png?tr=h-130,w-305,c-force"" height=""130px"" src=""data:image/gif;base64,R0lGODlhAQABAIAAAHd3dwAAACH5BAAAAAAALAAAAAABAAEAAAICRAEAOw==""/","Dr. Vithalrao Vikhe Patil College of Pharmacy, Ahmed Nagar",B.Pharm ,"Nagar, Maharashtra","1,15,000",42.43,,
"https://images.static-collegedunia.com/public/college_data/images/appImage/1487078598cvr.png?tr=h-130,w-305,c-force"" height=""130px"" src=""data:image/gif;base64,R0lGODlhAQABAIAAAHd3dwAAACH5BAAAAAAALAAAAAABAAEAAAICRAEAOw==""/","Sinhgad Institute of Pharmaceutical Sciences- [SIPS], Pune",B.Pharm ,"Pune, Maharashtra","1,40,000",45.11,,
"https://images.static-collegedunia.com/public/college_data/images/appImage/1487229086cvr.png?tr=h-130,w-305,c-force"" height=""130px"" src=""data:image/gif;base64,R0lGODlhAQABAIAAAHd3dwAAACH5BAAAAAAALAAAAAABAAEAAAICRAEAOw==""/","Government College of Pharmacy - [GCOPA], Amravati",B.Pharm ,"Amravati, Maharashtra","24,375",47.76,,
"https://images.static-collegedunia.com/public/college_data/images/appImage/1498536670FFFFFFFFFFFF.jpg?tr=h-130,w-305,c-force"" height=""130px"" src=""data:image/gif;base64,R0lGODlhAQABAIAAAHd3dwAAACH5BAAAAAAALAAAAAABAAEAAAICRAEAOw==""/","Indira Bahuuddeshiy Shikshan Sanstha's College of Pharmacy - [IBSSCOP], Malkapur",B.Pharm ,"Malkapur, Maharashtra","81,670",40.3,,
"https://images.static-collegedunia.com/public/college_data/images/appImage/1498543655cccc.jpg?tr=h-130,w-305,c-force"" height=""130px"" src=""data:image/gif;base64,R0lGODlhAQABAIAAAHd3dwAAACH5BAAAAAAALAAAAAABAAEAAAICRAEAOw==""/","Shri Bhagwan College of Pharmacy, Aurangabad",B.Pharm ,"Aurangabad, Maharashtra","56,180",49.87,,
"https://images.static-collegedunia.com/public/college_data/images/appImage/1498820551vsdmnmjnsel.png?tr=h-130,w-305,c-force"" height=""130px"" src=""data:image/gif;base64,R0lGODlhAQABAIAAAHd3dwAAACH5BAAAAAAALAAAAAABAAEAAAICRAEAOw==""/","VDF School of Pharmacy, Latur",B.Pharm ,"Latur, Maharashtra","78,231",45.34,,
"https://images.static-collegedunia.com/public/college_data/images/appImage/1498883044ccccccccccccccccccccccccccc.png?tr=h-130,w-305,c-force"" height=""130px"" src=""data:image/gif;base64,R0lGODlhAQABAIAAAHd3dwAAACH5BAAAAAAALAAAAAABAAEAAAICRAEAOw==""/","Oyster Institute of Pharmacy, Aurangabad",B.Pharm ,"Aurangabad, Maharashtra","70,000",50.31,,
"https://images.static-collegedunia.com/public/college_data/images/appImage/1498892674cccccaaaaaaaaaaaaaaaaaaaaaaam.jpg?tr=h-130,w-305,c-force"" height=""130px"" src=""data:image/gif;base64,R0lGODlhAQABAIAAAHd3dwAAACH5BAAAAAAALAAAAAABAAEAAAICRAEAOw==""/","H.K. College of Pharmacy - [HKCP], Mumbai",B.Pharm ,"Mumbai, Maharashtra","1,30,000",46.32,,
"https://images.static-collegedunia.com/public/college_data/images/appImage/1498912488dfdfdfsdfsdfds.png?tr=h-130,w-305,c-force"" height=""130px"" src=""data:image/gif;base64,R0lGODlhAQABAIAAAHd3dwAAACH5BAAAAAAALAAAAAABAAEAAAICRAEAOw==""/","Government College of Pharmacy, Ratnagiri",B.Pharm ,"Ratnagiri, Maharashtra",,46.22,,
"https://images.static-collegedunia.com/public/college_data/images/appImage/1499057035CMS1482390067.jpg?tr=h-130,w-305,c-force"" height=""130px"" src=""data:image/gif;base64,R0lGODlhAQABAIAAAHd3dwAAACH5BAAAAAAALAAAAAABAAEAAAICRAEAOw==""/","Annasaheb Dange College of B.Pharmacy - [ADCBP] Ashta, Sangli",B.Pharm ,"Sangli, Maharashtra","90,000",63.56,,
"https://images.static-collegedunia.com/public/college_data/images/appImage/1499142522campusssssssssssss.jpg?tr=h-130,w-305,c-force"" height=""130px"" src=""data:image/gif;base64,R0lGODlhAQABAIAAAHd3dwAAACH5BAAAAAAALAAAAAABAAEAAAICRAEAOw==""/","Rajesh Bhaiyya Tope College of Pharmacy, Aurangabad",B.Pharm ,"Aurangabad, Maharashtra","78,000",54.23,,
"https://images.static-collegedunia.com/public/college_data/images/appImage/1499406447slide01.jpg?tr=h-130,w-305,c-force"" height=""130px"" src=""data:image/gif;base64,R0lGODlhAQABAIAAAHd3dwAAACH5BAAAAAAALAAAAAABAAEAAAICRAEAOw==""/","Indira Institute of Pharmacy Sadavali, Ratnagiri",B.Pharm ,"Ratnagiri, Maharashtra","84,327",60.33,,
"https://images.static-collegedunia.com/public/college_data/images/appImage/1499411156sddddddddddddddddddd.png?tr=h-130,w-305,c-force"" height=""130px"" src=""data:image/gif;base64,R0lGODlhAQABAIAAAHd3dwAAACH5BAAAAAAALAAAAAABAAEAAAICRAEAOw==""/","Shivajirao S. Jondhle College of Pharmacy, Shahapur",B.Pharm ,"Shahapur, Maharashtra","88,000",40.01,,
"https://images.static-collegedunia.com/public/college_data/images/appImage/1499418715sfrddrfdextrest.png?tr=h-130,w-305,c-force"" height=""130px"" src=""data:image/gif;base64,R0lGODlhAQABAIAAAHd3dwAAACH5BAAAAAAALAAAAAABAAEAAAICRAEAOw==""/","C. U. Shah College of Pharmacy Juhu, Mumbai",B.Pharm ,"Mumbai, Maharashtra","30,000",45.34,,
"https://images.static-collegedunia.com/public/college_data/images/appImage/1499747163sdffsdfs.png?tr=h-130,w-305,c-force"" height=""130px"" src=""data:image/gif;base64,R0lGODlhAQABAIAAAHd3dwAAACH5BAAAAAAALAAAAAABAAEAAAICRAEAOw==""/","MET Institute of Pharmacy - [MET IOP], Mumbai",B.Pharm ,"Mumbai, Maharashtra","5,76,000",51.23,,
"https://images.static-collegedunia.com/public/college_data/images/appImage/1500013638metcollegebuilding.jpg?tr=h-130,w-305,c-force"" height=""130px"" src=""data:image/gif;base64,R0lGODlhAQABAIAAAHd3dwAAACH5BAAAAAAALAAAAAABAAEAAAICRAEAOw==""/","Institute of Pharmaceutical Education & Research - [IPER], Wardha",B.Pharm ,"Wardha, Maharashtra","1,10,000",52.98,,
"https://images.static-collegedunia.com/public/college_data/images/appImage/1500019190IMG15156851.jpg?tr=h-130,w-305,c-force"" height=""130px"" src=""data:image/gif;base64,R0lGODlhAQABAIAAAHd3dwAAACH5BAAAAAAALAAAAAABAAEAAAICRAEAOw==""/","H.R. Patel Institute of Pharmaceutical Education & Research - [HRPIPER], Shirpur",B.Pharm ,"Shirpur, Maharashtra","1,02,000",43.23,,
"https://images.static-collegedunia.com/public/college_data/images/appImage/1500031438collegephoto.jpg?tr=h-130,w-305,c-force"" height=""130px"" src=""data:image/gif;base64,R0lGODlhAQABAIAAAHd3dwAAACH5BAAAAAAALAAAAAABAAEAAAICRAEAOw==""/","S.N.D. College of Pharmacy, Nashik",B.Pharm ,"Nashik, Maharashtra","95,000",51.23,,
"https://images.static-collegedunia.com/public/college_data/images/appImage/1500036246campus.jpg?tr=h-130,w-305,c-force"" height=""130px"" src=""data:image/gif;base64,R0lGODlhAQABAIAAAHd3dwAAACH5BAAAAAAALAAAAAABAAEAAAICRAEAOw==""/","KYDSCT's College of Pharmacy, Sakegaon, Jalgaon",B.Pharm ,"Jalgaon, Maharashtra","99,000",42.24,,
"https://images.static-collegedunia.com/public/college_data/images/appImage/1500101558slide1.jpg?tr=h-130,w-305,c-force"" height=""130px"" src=""data:image/gif;base64,R0lGODlhAQABAIAAAHd3dwAAACH5BAAAAAAALAAAAAABAAEAAAICRAEAOw==""/","Government College of Pharmacy - [GCOPK], Karad",B.Pharm ,"Karad, Maharashtra","26,000",45.34,,
"https://images.static-collegedunia.com/public/college_data/images/appImage/150011513038799AshokraoManePolytechnicKolhapur.jpg?tr=h-130,w-305,c-force"" height=""130px"" src=""data:image/gif;base64,R0lGODlhAQABAIAAAHd3dwAAACH5BAAAAAAALAAAAAABAAEAAAICRAEAOw==""/","Sinhgad College of Pharmacy - [SCOP] Vadgaon, Pune",B.Pharm ,"Pune, Maharashtra","1,42,000",49.34,,
"https://images.static-collegedunia.com/public/college_data/images/appImage/150011944814493079064.jpg?tr=h-130,w-305,c-force"" height=""130px"" src=""data:image/gif;base64,R0lGODlhAQABAIAAAHd3dwAAACH5BAAAAAAALAAAAAABAAEAAAICRAEAOw==""/","Indira College of Pharmacy - [ICP], Pune",B.Pharm ,"Pune, Maharashtra","1,40,000",48.45,,
"https://images.static-collegedunia.com/public/college_data/images/appImage/1500123287entrancegate.jpg?tr=h-130,w-305,c-force"" height=""130px"" src=""data:image/gif;base64,R0lGODlhAQABAIAAAHd3dwAAACH5BAAAAAAALAAAAAABAAEAAAICRAEAOw==""/","Priyadarshini J.L. College of Pharmacy, Nagpur",B.Pharm ,"Nagpur, Maharashtra","1,15,000",42.34,,
"https://images.static-collegedunia.com/public/asset/img/placeholders/logo_placeholder_70X70.png?tr=h-130,w-305,c-force"" height=""130px"" src=""data:image/gif;base64,R0lGODlhAQABAIAAAHd3dwAAACH5BAAAAAAALAAAAAABAAEAAAICRAEAOw==""/","Sharadchandra Pawar College of Pharmacy - [SPCOP], Pune",B.Pharm ,"Pune, Maharashtra","1,00,000",39.21,,
"https://images.static-collegedunia.com/public/college_data/images/appImage/1500276773p19krimgmo1sde1j4v1rps1ck0epv4.jpg?tr=h-130,w-305,c-force"" height=""130px"" src=""data:image/gif;base64,R0lGODlhAQABAIAAAHd3dwAAACH5BAAAAAAALAAAAAABAAEAAAICRAEAOw==""/","Sitabai Thite College of Pharmacy, Shirur, Pune",B.Pharm ,"Pune, Maharashtra","84,000",47.34,,
"https://images.static-collegedunia.com/public/college_data/images/appImage/1500297434marathwadamitramandalscollegeofpharmacythergaonpune11.jpg?tr=h-130,w-305,c-force"" height=""130px"" src=""data:image/gif;base64,R0lGODlhAQABAIAAAHd3dwAAACH5BAAAAAAALAAAAAABAAEAAAICRAEAOw==""/","JSPM's Jayawantrao Sawant College of Pharmacy - [JSCOPR], Pune",B.Pharm ,"Pune, Maharashtra","97,500",46.56,,
"https://images.static-collegedunia.com/public/college_data/images/appImage/150035694614544091476PPCrY5EFoeBXKLesqEu.jpg?tr=h-130,w-305,c-force"" height=""130px"" src=""data:image/gif;base64,R0lGODlhAQABAIAAAHd3dwAAACH5BAAAAAAALAAAAAABAAEAAAICRAEAOw==""/","Rajarambapu College of Pharmacy, Sangli",B.Pharm ,"Sangli, Maharashtra","90,000",71.65,,
"https://images.static-collegedunia.com/public/college_data/images/appImage/1500376946IMG15612456.jpg?tr=h-130,w-305,c-force"" height=""130px"" src=""data:image/gif;base64,R0lGODlhAQABAIAAAHd3dwAAACH5BAAAAAAALAAAAAABAAEAAAICRAEAOw==""/","Gourishankar Institute of Pharmaceutical Education & Research, Satara",B.Pharm ,"Satara, Maharashtra","92,000",70.45,,
"https://images.static-collegedunia.com/public/college_data/images/appImage/1500381757cover.jpg?tr=h-130,w-305,c-force"" height=""130px"" src=""data:image/gif;base64,R0lGODlhAQABAIAAAHd3dwAAACH5BAAAAAAALAAAAAABAAEAAAICRAEAOw==""/","Vishwakarma University - [VU], Pune",B.Pharm ,"Pune, Maharashtra",,50.21,,
"https://images.static-collegedunia.com/public/asset/img/placeholders/logo_placeholder_70X70.png?tr=h-130,w-305,c-force"" height=""130px"" src=""data:image/gif;base64,R0lGODlhAQABAIAAAHd3dwAAACH5BAAAAAAALAAAAAABAAEAAAICRAEAOw==""/","KK Wagh Education Society, Nashik",B.Pharm ,"Nashik, Maharashtra","1,20,000",52.78,,
"https://images.static-collegedunia.com/public/college_data/images/appImage/15640501798360152763608222624962265508n.jpg?tr=h-130,w-305,c-force"" height=""130px"" src=""data:image/gif;base64,R0lGODlhAQABAIAAAHd3dwAAACH5BAAAAAAALAAAAAABAAEAAAICRAEAOw==""/","MET's Institute of Pharmacy, Nashik",B.Pharm ,"Nashik, Maharashtra","1,28,000",53.32,,
"https://images.static-collegedunia.com/public/college_data/images/appImage/16028281011.jpg?tr=h-130,w-305,c-force"" height=""130px"" src=""data:image/gif;base64,R0lGODlhAQABAIAAAHd3dwAAACH5BAAAAAAALAAAAAABAAEAAAICRAEAOw==""/","Sarojini College of Pharmacy, Kolhapur",B.Pharm ,"Kolhapur, Maharashtra","85,000",40.32,,
