college img,college name,college loc,college course,college fees,Open,AllIndia,Minority
https://cache.careers360.mobi/media/colleges/social-media/media-gallery/4804/2018/5/2/BVU-College-of-Engineering-Pune-9.jpg,"Bharati Vidyapeeth Deemed University College of Engineering, Pune","Pune, Maharashtra",B.Tech Computer Engineering,509 860,91.96,89.58,0
https://cache.careers360.mobi/media/colleges/social-media/media-gallery/2702/2018/8/1/Veermata-Jijabai-Technological-Institute-Mumbai5.jpg,VJTI Mumbai - Veermata Jijabai Technological Institute,"Mumbai, Maharashtra",B.Tech Computer Engineering,322 300,99.95,0,0
https://cache.careers360.mobi/media/colleges/social-media/media-gallery/4083/2018/5/24/KJ-Somaiya-College-of-Engineering-Mumbai2.png,"K.J.Somaiya College of Engineering, Vidyavihar, Mumbai","Mumbai, Maharashtra",B.Tech Computer Engineering,11 35 000,99.5,98.68,97.66
https://cache.careers360.mobi/media/colleges/social-media/media-gallery/3859/2018/8/22/1-Maharashtra-Institute-of-Technology-Pune-(22).jpg,"MIT WPU Faculty of Engineering, Pune","Pune, Maharashtra",B.Tech Computer Science Engineering,240 000,96.9,94.38,0
https://cache.careers360.mobi/media/colleges/social-media/media-gallery/3075/2018/7/16/Sinhgad-College-of-Engineering-Pune-campus3.jpg,"Sinhgad College of Engineering, Pune","Pune, Maharashtra",BE Computer Engineering,536 608,95.12,92.31,0
https://cache.careers360.mobi/media/colleges/social-media/media-gallery/4363/2018/5/17/Government-College-of-Engineering-Amravati2aaaa.jpg,"Government College of Engineering, Amravati","Amravati, Maharashtra",B.Tech Computer Science and Engineering,314 920,96.17,0,0
https://cache.careers360.mobi/media/colleges/social-media/media-gallery/2491/2018/7/28/Shri-Ramdeobaba-College-of-Engineering-and-Management-Nagpur7.jpg,"Shri Ramdeobaba College of Engineering and Management, Nagpur","Nagpur, Maharashtra",BE Computer Science and Engineering,599 600,99.62,98.78,98.81
https://cache.careers360.mobi/media/colleges/social-media/media-gallery/2670/2018/8/1/Vidyalankar-Institute-of-Technology-Mumbai-CV1.jpg,"Vidyalankar Institute of Technology, Mumbai","Mumbai, Maharashtra",BE Computer Engineering,603 160,97.77,94,0
https://cache.careers360.mobi/media/colleges/social-media/media-gallery/2620/2019/5/28/College,"Vivekanand Education Society's Institute of Technology, Chembur","Mumbai, Maharashtra",BE Computer Engineering,423 384,98.51,96.71,66.33
https://cache.careers360.mobi/media/colleges/social-media/media-gallery/1659/2018/4/27/Sandip-University-Nashik18.jpg,"Sandip University, Nashik","Nashik, Maharashtra ReviewAdmissionsCourses &amp;",B.Tech AI and Machine Learning Xebia,,83.06,69.34,0
https://cache.careers360.mobi/media/colleges/social-media/media-gallery/2802/2020/9/1/Campus,"Thakur College of Engineering and Technology, Kandivali, Mumbai","Mumbai, Maharashtra",BE Computer Engineering,627 304,96.84,95.34,89.37
https://cache.careers360.mobi/media/colleges/social-media/media-gallery/3740/2018/8/20/MKSSSs-Cummins-College-of-Engineering-for-Women-Pune-campus1.jpg,"MKSSS's Cummins College of Engineering for Women, Pune","Pune, Maharashtra",B.Tech Computer Engineering,723 344,0,96.11,0
https://cache.careers360.mobi/media/colleges/social-media/media-gallery/2804/2018/9/26/Campus,"Thadomal Shahani Engineering College, Mumbai","Mumbai, Maharashtra",BE Computer Engineering,757 612,98.7,97.43,21.81
https://cache.careers360.mobi/media/colleges/social-media/media-gallery/3275/2018/8/8/Sanjivani-College-of-Engineering-Kopargaon4.png,"Sanjivani College of Engineering, Kopargaon","Kopargaon, Maharashtra",B.Tech Computer Engineering,520 000,91.72,81.33,0
https://cache.careers360.mobi/media/colleges/social-media/media-gallery/4991/2018/10/29/Campus,"Anjuman-I-Islam's Kalsekar Technical Campus, Navi Mumbai","Navi Mumbai, Maharashtra",BE Computer Engineering,292 213,39.64,84.95,28.89
https://cache.careers360.mobi/media/colleges/social-media/media-gallery/3158/2019/3/18/Campus,"Shree LR Tiwari College of Engineering, Thane","Thane, Maharashtra",BE Computer Engineering,360 000,89,90.4,53.35
https://cache.careers360.mobi/media/colleges/social-media/media-gallery/1971/2018/7/25/Pune-Vidhyarthi-Grihas-College-of-Engineering-and-Technology-Pune-building.jpg,"Pune Vidyarthi Griha's College of Engineering and Technology, Pune","Pune, Maharashtra",BE Computer Engineering,457 588,99.68,98.94,0
https://cache.careers360.mobi/media/colleges/social-media/media-gallery/5303/2019/3/16/College,"All India Shri Shivaji Memorial Society's Institute of Information Technology, Pune","Pune, Maharashtra",BE Computer Engineering,475 004,96.6,93.47,0
https://cache.careers360.mobi/media/colleges/social-media/media-gallery/3393/2018/8/10/Ramrao-Adik-Institue-of-Technology-Navi-MumbaiIT-Infra.jpg,"Ramrao Adik Institute of Technology, Navi Mumbai","Navi Mumbai, Maharashtra",BE Computer Engineering,13 00 000,96.9,93.73,0
https://cache.careers360.mobi/media/colleges/social-media/media-gallery/4566/2018/11/6/Campus-View,"Zeal College of Engineering and Research, Narhe","Pune, Maharashtra  FeesCutoff",B.Tech Computer Engineering,,74.17,76.19,0
https://cache.careers360.mobi/media/colleges/social-media/media-gallery/8791/2019/2/26/Campus,"Pimpri Chinchwad College of Engineering and Research, Pune","Pimpri-Chinchwad, Maharashtra",BE Computer Engineering,318 886,98.92,96.47,0
https://cache.careers360.mobi/media/colleges/social-media/media-gallery/4092/2018/9/24/College,"JSPM Narhe Technical Campus, Pune","Pune, Maharashtra",BE Computer Engineering,328 000,85.1,82.36,0
https://cache.careers360.mobi/media/colleges/social-media/media-gallery/2805/2018/8/3/Terna-Public-Charitable-Trusts-Terna-Engineering-College-Navi-Mumbai-CV1.png,"Terna Engineering college, Nerul - Terna Public Charitable Trust's Terna Engineering College","Navi Mumbai, Maharashtra",BE Computer Engineering,520 000,92.88,86.74,0
https://cache.careers360.mobi/media/colleges/social-media/media-gallery/5005/2018/10/29/Campus,"Amrutvahini College of Engineering, Ahmednagar","Sangamner, Maharashtra",BE Computer Engineering,416 000,94.8,82.78,0
https://cache.careers360.mobi/media/colleges/social-media/media-gallery/2667/2019/3/8/Campus,"Vidyavardhini's College of Engineering and Technology, Vasai","Vasai, Maharashtra",BE Computer Engineering,,95.4,89.15,0
https://cache.careers360.mobi/media/colleges/social-media/media-gallery/4574/2018/10/11/campus,"Dhole Patil College of Engineering, Pune","Pune, Maharashtra",BE Computer Engineering,432 884,88.62,79.87,0
https://cache.careers360.mobi/media/colleges/social-media/media-gallery/23640/2020/7/28/campus,"Bajaj Institute of Technology, Wardha","Wardha, Maharashtra  FeesCutoff",BE Computer Engineering,380 000,80.49,79.6,12.25
https://cache.careers360.mobi/media/colleges/social-media/media-gallery/4919/2019/3/4/Campus,"Atharva College of Engineering, Malad","Mumbai, Maharashtra",BE Computer Engineering,535 296,93.73,88.72,0
https://cache.careers360.mobi/media/colleges/social-media/media-gallery/1990/2018/10/30/Campus,"Mahatma Gandhi Mission's College of Engineering and Technology, Navi Mumbai","Navi Mumbai, Maharashtra",BE Computer Engineering,273 792,92.95,89.26,2.11
https://cache.careers360.mobi/media/colleges/social-media/media-gallery/3480/2018/10/11/Campus,"Modern Education Society's College of Engineering, Pune","Pune, Maharashtra",BE Computer Engineering,480 000,92.95,88.15,0
https://cache.careers360.mobi/media/colleges/social-media/media-gallery/3797/2018/8/1/Marathwada-Mitra-Mandals-College-of-Engineering-Pune-campus-view1.PNG,"Marathwada Mitra Mandal's College of Engineering, Pune","Pune, Maharashtra",BE Computer Engineering,394 000,93.65,87.76,0
https://cache.careers360.mobi/media/colleges/social-media/media-gallery/8102/2020/11/24/Campus-View,"MET Bhujbal Knowledge City, Nashik","Nashik, Maharashtra  FeesCutoff",B.Tech Computer Engineering,298 560,84.27,73.05,0
https://cache.careers360.mobi/media/colleges/social-media/media-gallery/2678/2019/3/26/College,"Vidya Pratishthan's Kamalnayan Bajaj Institute of Engineering and Technology, Pune","Baramati, MaharashtraCourses &amp;",BE Computer Engineering,252 264,87.63,80.96,0
https://cache.careers360.mobi/media/colleges/social-media/media-gallery/3339/2018/10/26/Campus,"SKN Sinhgad College of Engineering, Korti","Pandharpur, MaharashtraCourses &amp;",B.Tech Computer Science and Engineering,319 002,13.25,49.95,0
https://cache.careers360.mobi/media/colleges/social-media/media-gallery/3366/2020/8/26/College,"Rizvi College of Engineering, Bandra","Mumbai, Maharashtra  FeesCutoff",BE Computer Engineering,,90.93,90.71,64.84
https://cache.careers360.mobi/media/colleges/social-media/media-gallery/3923/2019/3/25/College,"Lokmanya Tilak College of Engineering, Navi Mumbai","Navi Mumbai, Maharashtra",BE Computer Engineering,,86.49,85.28,18.85
https://cache.careers360.mobi/media/colleges/social-media/media-gallery/3172/2018/10/12/College,"Shivajirao S Jondhale College of Engineering, Thane","Dombivli, Maharashtra",BE Computer Engineering,344 400,44.71,69.34,0
https://cache.careers360.mobi/media/colleges/social-media/media-gallery/3257/2018/11/2/College,"Saraswati College of Engineering, Navi Mumbai","Navi Mumbai, Maharashtra",BE Artificial Intelligence and Machine Learning,,82.43,78.22,0
https://cache.careers360.mobi/media/colleges/social-media/media-gallery/3661/2019/4/2/Campus,"Navsahyadri Group of Institutes, Pune","Pune, MaharashtraCourses &amp;",BE Computer Engineering,220 000,22.45,34.31,0
https://cache.careers360.mobi/media/colleges/social-media/media-gallery/2590/2019/3/13/Campus,"Xavier Institute of Engineering, Mumbai","Mumbai, Maharashtra",BE Computer Engineering,482 395,94.77,96.36,7.23
https://cache.careers360.mobi/media/colleges/social-media/media-gallery/3503/2018/8/16/Pravara-Rural-Engineering-College-Loni-CV1.jpg,"Pravara Rural Engineering College, Loni","Chandrapur, Maharashtra",BE Computer Engineering,431 684,87.64,74.42,0
https://cache.careers360.mobi/media/colleges/social-media/media-gallery/3781/2020/11/28/Campus,"Matoshri Pratishthans Group of Institutions, Nanded","Khupsarwadi, Maharashtra",B.Tech Computer Science and Engineering,160 000,60.69,52.43,0
https://cache.careers360.mobi/media/colleges/social-media/media-gallery/8786/2019/2/18/Campus,"Universal College of Engineering, Thane","Poman, Maharashtra",BE Computer Engineering,,36.5,76.63,4.16
https://cache.careers360.mobi/media/colleges/social-media/media-gallery/8787/2018/11/13/Campus-View,"New Horizon Institute of Technology and Management, Thane","Thane, Maharashtra",BE Computer Engineering,348 000,73.31,75.47,0
https://cache.careers360.mobi/media/colleges/social-media/media-gallery/4992/2018/10/9/Campus,"Anjuman College of Engineering and Technology, Nagpur","Nagpur, Maharashtra",BE Computer Science and Engineering,,92.93,90.17,86.27
https://cache.careers360.mobi/media/colleges/social-media/media-gallery/23643/2020/8/17/Campus,"MAEER's MIT College of Railway Engineering and Research, Barshi","Barshi, Maharashtra",B.Tech Computer Science and Engineering,279 624,1.05,48.76,0
https://cache.careers360.mobi/media/colleges/social-media/media-gallery/5071/2018/10/16/Campus,"Aditya Engineering College, Beed","Beed, MaharashtraCourses &amp;",BE Computer Science and Engineering,,6.73,10.9,0
https://cache.careers360.mobi/media/colleges/social-media/media-gallery/4809/2018/10/31/Campus,"Bharat Ratna Indira Gandhi College of Engineering, Solapur","Kegaon, MaharashtraCourses &amp;",B.Tech Computer Science and Engineering,261 840,10.7,26.08,0
https://cache.careers360.mobi/media/colleges/social-media/media-gallery/3559/2018/9/18/Campus,"Rajiv Gandhi College of Engineering, Research and Technology, Chandrapur","Chandrapur, Maharashtra",B.Tech Computer Science and Engineering,,74.81,54.45,0
https://cache.careers360.mobi/media/colleges/social-media/media-gallery/4384/2019/3/28/Campus,"Godavari College of Engineering, Jalgaon","Jalgaon, MaharashtraCourses &amp;",BE Computer Engineering,,10.04,8.7,0
https://cache.careers360.mobi/media/colleges/social-media/media-gallery/4658/2018/9/12/Campus,"College of Engineering and Technology, Akola","Babhulgaon, MaharashtraCourses &amp;",BE Computer Science and Engineering,,15.62,53.61,0
https://cache.careers360.mobi/media/colleges/social-media/media-gallery/4161/2018/10/24/Campus,"Jagadambha College of Engineering and Technology, Yavatmal","Yavatmal, MaharashtraCourses &amp;",BE Computer Engineering,363 631,69.01,22.65,0
https://cache.careers360.mobi/media/colleges/social-media/media-gallery/3616/2019/2/20/Campus,"Nutan Maharashtra Institute of Engineering and Technology, Pune","Talegaon Dabhade, MaharashtraCourses &amp;",BE Computer Engineering,391 740,91.05,82.9,0
https://cache.careers360.mobi/media/colleges/social-media/media-gallery/5034/2020/8/7/Campus,"Alard College of Engineering and Management, Pune","Pune, Maharashtra",BE Computer Engineering,,13.63,21.51,0
https://cache.careers360.mobi/media/colleges/social-media/media-gallery/2619/2018/11/5/campus,"Jawahar Education Society's AC Patil College of Engineering, Navi Mumbai","Navi Mumbai, Maharashtra",BE Computer Engineering,396 972,81.11,78.07,0
https://cache.careers360.mobi/media/colleges/social-media/media-gallery/3576/2019/3/25/College,"Padmabhushan Vasantdada Patil Pratishthan's College of Engineering, Mumbai","Mumbai, Maharashtra  FeesCutoff",BE Computer Engineering,,88.83,82.77,0
https://cache.careers360.mobi/media/colleges/social-media/media-gallery/3975/2019/4/3/Campus,"Konkan Gyanpeeth College of Engineering, Karjat","Raigad, Maharashtra",B.Tech Computer Engineering,,27.81,52.56,0
https://cache.careers360.mobi/media/colleges/social-media/media-gallery/5306/2018/7/23/NBN-Sinhgad-Technical-Institutes-Campus-Ambegaon-Canteen1.jpg,"NBN Sinhgad Technical Institutes Campus, Ambegaon","Pune, Maharashtra",BE Computer Engineering,412 608,88.66,76.36,0
https://cache.careers360.mobi/media/colleges/social-media/media-gallery/3055/2019/3/22/College,"Indira College of Engineering and Management, Pune","Pune, Maharashtra",BE Computer Engineering,440 000,87.59,79.6,0
https://cache.careers360.mobi/media/colleges/social-media/media-gallery/23638/2020/8/17/Campus,"Gramin College of Engineering, Nanded","Nanded, Maharashtra",B.Tech Computer Engineering,,12.59,20.85,0
https://cache.careers360.mobi/media/colleges/social-media/media-gallery/116/2018/5/31/IIT-Bombay-26.jpg,IIT Bombay - Indian Institute of Technology,"Mumbai, Maharashtra",B.Tech Computer Science and Engineering,908 400,99.68,98.94,0
https://cache.careers360.mobi/media/colleges/social-media/media-gallery/4635/2018/4/19/Campus-View-2.jpeg,COEP Pune - College of Engineering,"Pune, Maharashtra",B.Tech Computer Engineering,339 450,99.68,98.94,0
https://cache.careers360.mobi/media/colleges/social-media/media-gallery/2631/2018/5/24/Vishwakarma-Institute-of-Technology-Pune1.jpg,VIT Pune - Vishwakarma Institute of Technology,"Pune, Maharashtra",B.Tech Computer Engineering,739 740,98.32,96.1,0
https://cache.careers360.mobi/media/colleges/social-media/media-gallery/186/2018/6/21/Symbiosis-Institute-of-Technology-Pune1.jpg,SIT Pune - Symbiosis Institute of Technology,"Pune, Maharashtra",B.Tech Computer Science and Engineering,10 40 000,88.63,82.77,0
https://cache.careers360.mobi/media/colleges/social-media/media-gallery/4953/2018/4/20/Auditorium.jpg,AIT Pune - Army Institute of Technology,"Pune, Maharashtra",BE Computer Science and Engineering,610 153,99.62,98.83,0
https://cache.careers360.mobi/media/colleges/social-media/media-gallery/144/2018/4/5/VNIT-Nagpur-11.jpg,VNIT Nagpur - Visvesvaraya National Institute of Technology,"Nagpur, Maharashtra",B.Tech Computer Science and Engineering,538 300,75.9,49.43,0
https://cache.careers360.mobi/media/colleges/social-media/media-gallery/5030/2018/5/18/AISSMS-College-of-Engineering-Pune1.jpg,"AISSMS College of Engineering, Pune","Pune, Maharashtra",BE Computer Engineering,632 000,95.02,91.06,0
https://cache.careers360.mobi/media/colleges/social-media/media-gallery/2530/2018/4/19/Events.jpg,MPSTME Mumbai - Mukesh Patel School of Technology Management and Engineering,"Mumbai, Maharashtra",B.Tech Computer Science and Business System in partnership with TCS,246 000,95.25,93.82,0
https://cache.careers360.mobi/media/colleges/social-media/media-gallery/2001/2018/7/25/Campus-View-3.jpg,GECA Aurangabad - Government College of Engineering,"Aurangabad, Maharashtra",BE Computer Science and Engineering,325 001,99.32,99.77,0
https://cache.careers360.mobi/media/colleges/social-media/media-gallery/4798/2018/5/24/Sardar-Patel-Institute-of-Technology-Mumbai11.jpg,SPIT Mumbai - Sardar Patel Institute of Technology,"Mumbai, Maharashtra",BE Computer Engineering,680 000,99.85,99.23,0
https://cache.careers360.mobi/media/colleges/social-media/media-gallery/3532/2018/8/16/Pimpri-Chinchwad-College-of-Engineering-Pune-CV.jpg,PCCOE Pune - Pimpri Chinchwad College of Engineering,"Pune, Maharashtra",BE Computer Engineering,548 236,98.92,96.47,0
https://cache.careers360.mobi/media/colleges/social-media/media-gallery/2600/2018/5/24/Walchand-College-of-Engineering-Sangli5.png,"Walchand College of Engineering, Sangli","Sangli, Maharashtra",B.Tech Computer Science and Engineering,339 860,97.82,98.94,
https://cache.careers360.mobi/media/colleges/social-media/media-gallery/2632/2018/7/31/Vishwakarma-Institute-of-Information-Technology-Pune-sports.jpg,VIIT Pune - Vishwakarma Institute of Information Technology,"Pune, Maharashtra",BE Computer Engineering,675 576,99.32,97.93,0
https://cache.careers360.mobi/media/colleges/social-media/media-gallery/3574/2018/7/17/Dr-DY-Patil-Institute-of-Technology-Pune-CAMPUS1.jpg,DYPIET Pimpri - Dr DY Patil Institute of Technology,"Pune, Maharashtra",BE Computer Science Engineering,460 000,96.09,93.77,0
https://cache.careers360.mobi/media/colleges/social-media/media-gallery/2006/2018/9/24/Campis,"DY Patil College of Engineering, Pune","Pimpri-Chinchwad, Maharashtra",BE Artificial Intelligence and Data Science,493 168,96.09,93.77,0
https://cache.careers360.mobi/media/colleges/social-media/media-gallery/3137/2018/8/8/Pune-Institute-of-Computer-Technology-Pune4.png,PICT Pune - SCTR's Pune Institute of Computer Technology,"Pune, Maharashtra",BE Computer Engineering,386 000,96.78,94.85,0
https://cache.careers360.mobi/media/colleges/social-media/media-gallery/4465/2018/4/19/GH-Raisoni-College-of-Engineering-Nagpur-1.jpg,"GH Raisoni College of Engineering, Nagpur","Nagpur, Maharashtra",BE Computer Science and Engineering,642 840,57.18,84.56,8.27
https://cache.careers360.mobi/media/colleges/social-media/media-gallery/4082/2020/11/7/College,"KK Wagh Institute of Engineering Education and Research, Nashik","Nashik, Maharashtra",BE Computer Engineering,316 000,96.7,89.26,0
https://cache.careers360.mobi/media/colleges/social-media/media-gallery/4618/2018/5/21/DKTES-TEI-Ichalkaranji01.jpg,"DKTE Society's Textile and Engineering Institute, Ichalkaranji","Kolhapur, Maharashtra ReviewAdmissionsCourses &amp;",B.Tech Computer Science and Engineering,382 000,85.63,78.93,0
https://cache.careers360.mobi/media/colleges/social-media/media-gallery/3132/2019/4/5/Campus,"Shri Guru Gobind Singhji Institute of Engineering and Technology, Vishnupuri","Vishnupuri, Maharashtra",B.Tech Computer Science and Engineering,336 918,69.88,57.18,0
https://cache.careers360.mobi/media/colleges/social-media/media-gallery/4474/2018/5/17/Fr-Conceicao-Rodrigues-College-Event.jpg,"Fr Conceicao Rodrigues College of Engineering, Mumbai","Mumbai, Maharashtra",BE Computer Engineering,560 000,97.9,96.01,57.53
https://cache.careers360.mobi/media/colleges/social-media/media-gallery/4337/2019/3/4/Campus,"Government College of Engineering and Research, Pune","Awasari Khurd, Maharashtra",B.Tech Computer Engineering,96 659,99.68,98.94,0
https://cache.careers360.mobi/media/colleges/social-media/media-gallery/1352/2019/7/3/Campus,"Amity University, Mumbai","Navi Mumbai, Maharashtra",B.Tech Computer Science Engineering Three Continent,13 04 000,75.14,63.89,0
https://cache.careers360.mobi/media/colleges/social-media/media-gallery/3861/2018/8/22/MIT-Academy-of-Engineering-Pune2.jpg,"MIT Academy of Engineering, Pune","Pune, Maharashtra",B.Tech Computer Engineering,622 948,93.65,87.76,0
https://cache.careers360.mobi/media/colleges/social-media/media-gallery/17608/2020/12/22/Campus,"MIT School of Engineering, Pune","Pune, Maharashtra ReviewAdmissionsCourses &amp;",B.Tech Computer Science and Engineering,871 300,73.05,75.45,0
https://cache.careers360.mobi/media/colleges/social-media/media-gallery/5155/2019/4/3/College,KJSIEIT Mumbai - KJ Somaiya Institute of Engineering and Information Technology,"Mumbai, Maharashtra",BE Computer Engineering,664 000,97.54,96.84,90.15
https://cache.careers360.mobi/media/colleges/social-media/media-gallery/3991/2018/11/9/College,"KIT's College of Engineering, Kolhapur","Gokul Shirgaon, Maharashtra",B.Tech Computer Science and Engineering,441 320,76.93,78.56,0
https://cache.careers360.mobi/media/colleges/social-media/media-gallery/1350/2018/6/5/Ajeenkya-DY-Patil-University-Pune-Campus6.jpg,"Ajeenkya DY Patil University, Pune","Pune, Maharashtra",B.Tech Computer Engineering,,95.01,90.51,0
https://cache.careers360.mobi/media/colleges/social-media/media-gallery/17619/2018/12/3/Campus,"Government College of Engineering, Nagpur","Khapri, Maharashtra  FeesCutoff",BE Computer Science and Engineering,,99.85,98.08,0
https://cache.careers360.mobi/media/colleges/social-media/media-gallery/2599/2018/7/31/Walchand-Institute-of-Technology-Solapur-CV1.jpg,WIT Solapur - Walchand Institute of Technology,"Solapur, Maharashtra",B.Tech Computer Science and Engineering,422 028,97.82,98.94,0
https://cache.careers360.mobi/media/colleges/social-media/media-gallery/4475/2018/4/20/Campus-View.jpg,FCRIT Navi Mumbai - Fr C Rodrigues Institute of Technology,"Navi Mumbai, Maharashtra",BE Computer Engineering,544 780,97.9,96.01,57.53
https://cache.careers360.mobi/media/colleges/social-media/media-gallery/1972/2019/7/5/Campus,"Priyadarshini College of Engineering, Nagpur","Nagpur, Maharashtra",BE Computer Technology,,85.67,81.69,0
https://cache.careers360.mobi/media/colleges/social-media/media-gallery/2014/2018/9/25/College,"Don Bosco Institute of Technology, Mumbai","Mumbai, Maharashtra  Fees",BE Computer Engineering,503 824,97.85,96.37,0
https://cache.careers360.mobi/media/colleges/social-media/media-gallery/3102/2018/8/7/Dwarkadas-J-Sanghvi-College-Campus-View.png,DJSCE Mumbai - Dwarkadas J Sanghvi College of Engineering,"Mumbai, Maharashtra",BE Computer Engineering,732 736,99.62,98.78,98.81
https://cache.careers360.mobi/media/colleges/social-media/media-gallery/3052/2018/8/7/Shri-Sant-Gajanan-Maharaj-College-of-Engineering-Shegaon-Guest-House.jpg,SSGMCE Shegaon - Shri Sant Gajanan Maharaj College of Engineering,"Shegaon, Maharashtra",BE Computer Science and Engineering,240 000,8.42,40.2,0
https://cache.careers360.mobi/media/colleges/social-media/media-gallery/4117/2020/8/20/Campus,"Imperial College of Engineering and Research, Pune","Pune, Maharashtra",BE Computer Engineering,425 000,88.49,84.46,0
https://cache.careers360.mobi/media/colleges/social-media/media-gallery/2909/2018/8/4/St-Francis-Institute-of-Technology-Mumbai-Building.jpg,"St Francis Institute of Technology, Mumbai","Mumbai, Maharashtra",BE Computer Engineering,460 000,95.59,93.62,23.18
https://cache.careers360.mobi/media/colleges/social-media/media-gallery/4990/2020/10/30/Campus,"MH Saboo Siddik College of Engineering, Mumbai","Mumbai, Maharashtra",B.Tech Computer Engineering,263 972,92.93,90.17,86.27
https://cache.careers360.mobi/media/colleges/social-media/media-gallery/2549/2018/10/3/College,"PE Society's Modern College of Engineering, Pune","Pune, Maharashtra",B.Tech Computer Engineering,415 540,96.66,91.1,0
https://cache.careers360.mobi/media/colleges/social-media/media-gallery/4366/2018/10/1/Campus,"Government College of Engineering, Jalgaon","Jalgaon, Maharashtra",B.Tech Computer Engineering,331 784,89.96,70.11,0
https://cache.careers360.mobi/media/colleges/social-media/media-gallery/4981/2018/11/3/Campus,"Annasaheb Dange College of Engineering and Technology, Sangli","Ashta, Maharashtra",BE Computer Science and Engineering,404 000,86.32,78.96,0
https://cache.careers360.mobi/media/colleges/social-media/media-gallery/4616/2018/5/18/Dr-DY-Patil-Institute-Campus-View-2.png,"Dr DY Patil Institute of Engineering and Technology, Ambi, Pune","Pune, Maharashtra",BE Computer Engineering,292 000,83.71,74.56,0
https://cache.careers360.mobi/media/colleges/social-media/media-gallery/3456/2018/9/27/Campus,"RC Patel Institute of Technology, Shirpur","Shirpur, Maharashtra",BE Computer Engineering,,82.83,75.68,22.31
https://cache.careers360.mobi/media/colleges/social-media/media-gallery/3422/2019/3/30/Campus,"Rajarshi Shahu College of Engineering, Tathawade","Pimpri-Chinchwad, Maharashtra",B.Tech Computer Engineering,,95.96,91.75,0
https://cache.careers360.mobi/media/colleges/social-media/media-gallery/4181/2020/9/2/Campus,"International Institute of Information Technology, Pune","Pimpri-Chinchwad, Maharashtra",BE Computer Engineering,448 000,85.33,81.63,0
https://cache.careers360.mobi/media/colleges/social-media/media-gallery/1112/2018/10/3/Building,"SNDT Womens University, Mumbai","Mumbai, Maharashtra",B.Tech Computer Science and Engineering,,75.67,69.83,0
https://cache.careers360.mobi/media/colleges/social-media/media-gallery/2581/2018/7/31/Yeshwantrao-Chavan-College-of-Engineering-Nagpur-Campus-view.jpg,YCCE Nagpur - Yeshwantrao Chavan College of Engineering,"Nagpur, Maharashtra",BE Computer Science and Engineering,607 204,95.63,90.85,0
https://cache.careers360.mobi/media/colleges/social-media/media-gallery/4610/2019/4/2/Campus,"Datta Meghe College of Engineering, Navi Mumbai","Navi Mumbai, Maharashtra",BE Computer Engineering,402 672,93.4,85.08,0
https://cache.careers360.mobi/media/colleges/social-media/media-gallery/2736/2018/10/27/campus,"Usha Mittal Institute of Technology, Mumbai","Mumbai, Maharashtra",B.Tech Computer Engineering,465 180,86.32,78.96,0
https://cache.careers360.mobi/media/colleges/social-media/media-gallery/3533/2020/9/4/Campu-View,"Pillai College of Engineering, New Panvel","Panvel, Maharashtra  FeesCutoff",BE Computer Engineering,503 020,92.95,89.26,2.11
https://cache.careers360.mobi/media/colleges/social-media/media-gallery/4021/2018/8/24/KE-Societys-Rajarambapu-Institute-of-Technology-Sangli2.png,"KE Society's Rajarambapu Institute of Technology, Sangli","Uran Islampur, Maharashtra",B.Tech Computer Engineering,567 180,94.55,84.78,0
https://cache.careers360.mobi/media/colleges/social-media/media-gallery/2540/2018/10/29/Campus,"SIES Graduate School of Technology, Navi Mumbai","Navi Mumbai, Maharashtra",B.Tech Computer Engineering,,86.36,81.39,0
https://cache.careers360.mobi/media/colleges/social-media/media-gallery/1984/2018/9/24/Front,"MGM's College of Engineering, Nanded","Nanded, Maharashtra",B.Tech Computer Science and Engineering,413 400,85.45,81.82,0
https://cache.careers360.mobi/media/colleges/social-media/media-gallery/25397/2020/2/6/Entrance,"DY Patil International University, Akurdi","Pune, Maharashtra  Fees",B.Tech Computer Science and Engineering,798 000,96.09,93.77,0
https://cache.careers360.mobi/media/colleges/social-media/media-gallery/1958/2018/10/8/Campus,"St John College of Engineering and Management, Palghar","Palghar, Maharashtra",BE Computer Engineering,385 615,35.75,67.87,1.54
https://cache.careers360.mobi/media/colleges/social-media/media-gallery/1975/2018/7/25/Padmabhooshan-Vasantraodada-Patil-Institute-of-Technology-Sangli-Hostel.jpg,PVPIT Budhgaon - Padmabhooshan Vasantraodada Patil Institute of Technology,"Sangli, Maharashtra",B.Tech Computer Science and Engineering,342 876,86.21,84.07,0
https://cache.careers360.mobi/media/colleges/social-media/media-gallery/4803/2018/11/3/Campus,"Bharati Vidyapeeth College of Engineering, Navi Mumbai","Navi Mumbai, Maharashtra",BE Computer Engineering,,91.96,89.58,0
https://cache.careers360.mobi/media/colleges/social-media/media-gallery/3669/2019/3/25/College,"NDMVP Samaj's Karmaveer Adv Baburao Ganpatrao Thakare College of Engineering, Nashik","Nashik, Maharashtra",BE Computer Engineering,,93.99,80.53,0
https://cache.careers360.mobi/media/colleges/social-media/media-gallery/1985/2018/10/11/Campus,"MCTs Rajiv Gandhi Institute of Technology, Mumbai","Mumbai, Maharashtra",BE Computer Engineering,435 604,95.76,92.31,0
https://cache.careers360.mobi/media/colleges/social-media/media-gallery/5100/2019/3/15/Campus,"Abhinav Education Society's College of Engineering and Technology, Wadwadi","Satara, MaharashtraCourses &amp;",BE Computer Science and Engineering,,76.37,72.8,0
https://cache.careers360.mobi/media/colleges/social-media/media-gallery/8788/2018/10/4/Campus,"AP Shah Institute of Technology, Thane","Thane, Maharashtra",BE Computer Engineering,513 624,91.87,90.79,2.66
https://cache.careers360.mobi/media/colleges/social-media/media-gallery/3278/2019/6/7/Campus,"Sanjay Ghodawat University, Kolhapur","Mangaonwadi, Maharashtra",BE Computer Science Engineering,,78.63,61.89,0
https://cache.careers360.mobi/media/colleges/social-media/media-gallery/1630/2017/1/31/Indian-Institute-of-Information-Technology-Nagpur3.png,IIIT Nagpur - Indian Institute of Information Technology,"Nagpur, Maharashtra ReviewAdmissionsCourses &amp;",B.Tech Computer Science and Engineering,841 300,81.97,74.23,0
https://cache.careers360.mobi/media/colleges/social-media/media-gallery/4278/2019/3/23/Campus,"Shri Sant Gadge Baba College of Engineering and Technology, Bhusawal","Bhusawal, Maharashtra",B.Tech Computer Science and Engineering,,65.22,53.47,0
https://cache.careers360.mobi/media/colleges/social-media/media-gallery/4116/2018/9/25/college,"Jayawantrao Sawant College of Engineering, Pune","Pune, Maharashtra",BE Computer Engineering,,95.96,91.75,0
https://cache.careers360.mobi/media/colleges/social-media/media-gallery/4857/2019/4/2/Campus,"Ballarpur Institute of Technology, Chandrapur","Balharshah, Maharashtra",BE Computer Science and Engineering,,61.89,58.41,0
https://cache.careers360.mobi/media/colleges/social-media/media-gallery/4489/2018/10/15/campus,"Everest College of Engineering and Technology, Aurangabad","Aurangabad, Maharashtra",BE Computer Science and Engineering,170 000,63.21,55.1,0
https://cache.careers360.mobi/media/colleges/social-media/media-gallery/3845/2018/8/22/Mahatma-Gandhi-Missions-Jawaharlal-Nehru-Engineering-College-Aurangabad4.jpg,JNEC Aurangabad - Mahatma Gandhi Missionâ€™s Jawaharlal Nehru Engineering College,"Aurangabad, Maharashtra",BE Computer Science and Engineering,600 000,75.36,68.27,0
https://cache.careers360.mobi/media/colleges/social-media/media-gallery/1960/2019/3/14/Campus,"Sipna College of Engineering and Technology, Amravati","Amravati, Maharashtra",BE Computer Science and Engineering,,64.89,57.36,0
https://cache.careers360.mobi/media/colleges/social-media/media-gallery/2529/2018/7/30/Tatyasaheb-Kore-Institute-of-Engineering-and-Technology-Kolhapur-CampusView.png,TKIET Warananagar - Tatyasaheb Kore Institute of Engineering and Technology,"Kolhapur, Maharashtra",B.Tech Computer Science and Engineering,393 600,62.78,49.87,0
https://cache.careers360.mobi/media/colleges/social-media/media-gallery/5322/2019/1/11/College,"Maharashtra Institute of Technology, Aurangabad","Aurangabad, Maharashtra",B.Tech Computer Science and Engineering,,91.5,82.9,0
https://cache.careers360.mobi/media/colleges/social-media/media-gallery/22303/2020/8/18/Campus,"Mukesh Patel School of Technology Management and Engineering, Shirpur","Shirpur, Maharashtra  Fees",B.Tech Computer Engineering,,95.25,93.82,0
https://cache.careers360.mobi/media/colleges/social-media/media-gallery/3056/2019/6/6/Campus,"Smt Kashibai Navale College of Engineering, Vadgaon","Pune, Maharashtra",BE Computer Engineering,420 608,91.42,84.75,0
https://cache.careers360.mobi/media/colleges/social-media/media-gallery/3201/2019/4/1/Campus,"Shah and Anchor Kutchhi Engineering College, Mumbai","Mumbai, Maharashtra",B.Tech Computer Engineering,389 824,91.86,89.25,23.45
https://cache.careers360.mobi/media/colleges/social-media/media-gallery/4459/2020/11/23/Campus,"GH Raisoni College of Engineering and Management, Pune","Pune, Maharashtra",B.Tech Computer Engineering,419 960,57.18,84.56,8.27
https://cache.careers360.mobi/media/colleges/social-media/media-gallery/3076/2018/11/9/Campus,"Sinhgad Academy of Engineering, Kondhwa","Pune, Maharashtra",BE Computer Engineering,,13.25,49.95,0
https://cache.careers360.mobi/media/colleges/social-media/media-gallery/2539/2018/10/30/Buliding,"St Vincent Pallotti College of Engineering and Technology, Nagpur","Nagpur, Maharashtra",BE Computer Engineering,480 000,94.97,93.98,23.45
https://cache.careers360.mobi/media/colleges/social-media/media-gallery/2007/2018/10/5/Campus,"DY Patil College of Engineering and Technology, Kolhapur","Kolhapur, Maharashtra",B.Tech Computer Science and Engineering,449 240,83.71,74.56,0
https://cache.careers360.mobi/media/colleges/social-media/media-gallery/3596/2020/9/4/Campus-View,"PES College of Engineering, Aurangabad","Aurangabad, MaharashtraCourses &amp;",BE Computer Science and Engineering,,58.36,45.93,0
https://cache.careers360.mobi/media/colleges/social-media/media-gallery/4595/2018/11/8/Campus,"Deogiri Institute of Engineering and Management Studies, Aurangabad","Aurangabad, Maharashtra",B.Tech Computer Science and Engineering,,55.25,49.39,0
https://cache.careers360.mobi/media/colleges/social-media/media-gallery/7107/2019/3/13/Campus,"CSMSS CHH Shahu College of Engineering, Aurangabad","Aurangabad, Maharashtra",B.Tech Computer Science and Engineering,320 000,65.14,58.27,0
https://cache.careers360.mobi/media/colleges/social-media/media-gallery/3074/2018/11/2/Campus,"Sinhgad Institute of Technology, Lonavala","Lonavala, Maharashtra",BE Computer Engineering,500 000,88.57,88.57,0
https://cache.careers360.mobi/media/colleges/social-media/media-gallery/3485/2019/3/23/College,"Prof Ram Meghe College of Engineering and Management, Badnera","Badnera, Maharashtra",BE Computer Science and Engineering,394 000,71.05,70.31,0
https://cache.careers360.mobi/media/colleges/social-media/media-gallery/2787/2018/10/12/Campus,"Theem College of Engineering, Thane","Maan, Maharashtra",BE Computer Engineering,250 000,6.77,65.38,1.57
https://cache.careers360.mobi/media/colleges/social-media/media-gallery/2021/2019/4/5/Campus,"ABMSP's Anantrao Pawar College of Engineering and Research, Pune","Pune, Maharashtra",BE Computer Engineering,,41.14,60.88,0
https://cache.careers360.mobi/media/colleges/social-media/media-gallery/5082/2018/10/6/Campus,"Adarsh Institute of Technology and Research Center, Sangli","Khambale Bhalvani, MaharashtraCourses &amp;",B.Tech Computer Science and Engineering,,57.15,75.28,0
https://cache.careers360.mobi/media/colleges/social-media/media-gallery/4362/2019/1/8/Campus,"Government College of Engineering, Chandrapur","Chandrapur, Maharashtra",BE Computer Science and Engineering,,78.96,81.67,0
https://cache.careers360.mobi/media/colleges/social-media/media-gallery/3795/2019/3/23/College,"GS Mandal's Marathwada Institute of Technology, Aurangabad","Aurangabad, Maharashtra",BE Computer Science and Engineering,308 000,73.05,75.45,0
https://cache.careers360.mobi/media/colleges/social-media/media-gallery/17672/2018/12/4/Campus,"GH Raisoni Institute of Engineering and Technology, Nagpur","Nagpur, Maharashtra",BE Artificial Intelligence,,86.14,84.78,7.14
https://cache.careers360.mobi/media/colleges/social-media/media-gallery/3320/2019/3/18/Campus,"SVPM's College of Engineering, Pune","Pune, Maharashtra",BE Computer Engineering,256 404,84.27,71.9,0
https://cache.careers360.mobi/media/colleges/social-media/media-gallery/2622/2019/3/20/College,"Viva Institute of Technology, Thane","Thane, Maharashtra",BE Computer Engineering,244 000,61.68,63.06,0
https://cache.careers360.mobi/media/colleges/social-media/media-gallery/3534/2019/4/1/Campus,"Pillais HOC College of Engineering and Technology, Rasayani","Rasayani, Maharashtra",BE Computer Engineering,392 160,92.95,89.26,2.11
https://cache.careers360.mobi/media/colleges/social-media/media-gallery/3282/2019/3/23/Campus,"Sandip Institute of Engineering and Management, Nashik","Nashik, Maharashtra",BE Computer Engineering,,83.06,69.34,0
https://cache.careers360.mobi/media/colleges/social-media/media-gallery/3578/2020/9/5/Campus-View,"Padmabhooshan Vasantdada Patil Institute of Technology, Pune","Pune, Maharashtra",BE Computer Engineering,,88.83,82.77,0
https://cache.careers360.mobi/media/colleges/social-media/media-gallery/4801/2019/3/22/Building,"Bharati Vidyapeeth's College of Engineering, Kolhapur","Kolhapur, Maharashtra",B.Tech Computer Science and Engineering,288 000,89,90.32,0
https://cache.careers360.mobi/media/colleges/social-media/media-gallery/3086/2018/11/2/Campus-View,"Smt Indira Gandhi College of Engineering, Navi Mumbai","Navi Mumbai, Maharashtra  FeesCutoff",BE Computer Engineering,,83.16,78.23,0
https://cache.careers360.mobi/media/colleges/social-media/media-gallery/3073/2019/3/27/Campus,"Sinhgad Institute of Technology and Science, Narhe","Pune, Maharashtra",BE Computer Engineering,,88.57,88.57,0
https://cache.careers360.mobi/media/colleges/social-media/media-gallery/3659/2019/3/6/Campus,"RMD Sinhgad School of Engineering, Warje","Pune, Maharashtra  FeesCutoff",BE Computer Engineering,,61.18,71.15,0
https://cache.careers360.mobi/media/colleges/social-media/media-gallery/3601/2018/10/16/Campus,"PR Pote College of Engineering and Management, Amravati","Amravati, MaharashtraCourses &amp;",BE Computer Science and Engineering,400 000,45.12,56.93,0
https://cache.careers360.mobi/media/colleges/social-media/media-gallery/4084/2019/3/22/Campus,"KDK College of Engineering, Nagpur","Nagpur, Maharashtra",BE Computer Science Engineering,400 000,59.31,79.49,0
https://cache.careers360.mobi/media/colleges/social-media/media-gallery/3187/2018/10/13/College,"Sharad Institute of Technology, College of Engineering, Yadrav","Ichalkaranji, Maharashtra",B.Tech Computer Science and Engineering,,25.81,31.99,0
https://cache.careers360.mobi/media/colleges/social-media/media-gallery/4134/2018/9/25/Parking,"Jawaharlal Darda Institute of Engineering and Technology, Yavatmal","Yavatmal, Maharashtra",BE Computer Science and Engineering,,19.64,27.54,0
https://cache.careers360.mobi/media/colleges/social-media/media-gallery/4461/2019/3/27/College,"GH Raisoni Institute of Engineering and Technology, Pune","Pune, Maharashtra",BE Computer Engineering,,57.18,84.56,8.27
https://cache.careers360.mobi/media/colleges/social-media/media-gallery/4545/2018/10/2/Campus,"Dr JJ Magdum College of Engineering, Jaysingpur","Jaysingpur, Maharashtra  FeesCutoff",BE Computer Science and Engineering,,35.69,74.54,0
https://cache.careers360.mobi/media/colleges/social-media/media-gallery/3129/2018/9/21/Campus,"Shri Jaykumar Rawal Institute of Technology, Dondaicha","Dondaicha, Maharashtra",B.Tech Computer Science and Engineering,,21.23,33.25,0
https://cache.careers360.mobi/media/colleges/social-media/media-gallery/29003/2020/2/4/Campus,"Vijaybhoomi University, Mumbai","Mumbai, MaharashtraAdmissions",BE Artificial Intelligence,12 80 000,74.63,81.89,0
https://cache.careers360.mobi/media/colleges/social-media/media-gallery/3782/2019/2/21/Campus,"Matoshri College of Engineering and Research Centre, Nashik","Nashik, Maharashtra",BE Computer Engineering,,60.69,52.43,0
https://cache.careers360.mobi/media/colleges/social-media/media-gallery/2018/2019/5/27/Campus,"Bharati Vidyapeeth's College of Engineering for Women, Pune","Pune, Maharashtra",B.Tech Computer Engineering,4 15 864,85.86,85.86,0
https://cache.careers360.mobi/media/colleges/social-media/media-gallery/2538/2019/1/16/Campus,"Shram Sadhana Bombay Trust's College of Engineering and Technology, Jalgaon","Jalgaon, Maharashtra",BE Computer Engineering,3 07 760,69.63,63.0640792,0
https://cache.careers360.mobi/media/colleges/social-media/media-gallery/3897/2019/4/2/Campus,"MS Bidve Engineering College, Latur","Latur, Maharashtra",B.Tech Computer Science and Engineering,3 23 804,13.36,30.5,0
https://cache.careers360.mobi/media/colleges/social-media/media-gallery/8785/2018/9/25/Campus,"Bharat College of Engineering, Thane","Thane, MaharashtraCourses &amp;",BE Computer Engineering,2 80 000,10.7,26.08,0
https://cache.careers360.mobi/media/colleges/social-media/media-gallery/2008/2019/3/13/College,"DY Patil School of Engineering Academy, Ambi","Talegaon Dabhade, Maharashtra",BE Computer Engineering,2 60 000,64,74.45,0
https://cache.careers360.mobi/media/colleges/social-media/media-gallery/2857/2019/3/26/Campus-View,"College of Engineering, Pandharpur","Kondharki, Maharashtra  Fees",BE Computer Science and Engineering,3 60 000,81.96,75.67,0
https://cache.careers360.mobi/media/colleges/social-media/media-gallery/23641/2019/6/18/Campus-View,"Shri Vile Parle Kelavani Mandal's Institute of Technology, Dhule","Dhule, Maharashtra  FeesCutoff",B.Tech Computer Engineering,,71.05,70.31,20.49
https://cache.careers360.mobi/media/colleges/social-media/media-gallery/1969/2019/3/22/College,"RH Sapat College of Engineering, Management Studies and Research, Nashik","Nashik, Maharashtra",BE Computer Engineering,234 424,86.31,70.62,0
https://cache.careers360.mobi/media/colleges/social-media/media-gallery/8789/2019/3/14/Mechanical,"Chhatrapati Shivaji Maharaj Institute of Technology, Panvel","Panvel, MaharashtraCourses &amp;",BE Computer Engineering,,19.3,53.52,0
https://cache.careers360.mobi/media/colleges/social-media/media-gallery/2773/2018/9/26/Campus,"Trinity College of Engineering and Research, Pune","Yewalewadi, Maharashtra",BE Computer Engineering,368 320,86.16,56.16,0
https://cache.careers360.mobi/media/colleges/social-media/media-gallery/3484/2019/3/22/Campus,"Prof Ram Meghe Institute of Technology and Research, Badnera","Mhasala, Maharashtra",BE Computer Science and Engineering,480 000,85.36,89.45,0
https://cache.careers360.mobi/media/colleges/social-media/media-gallery/3144/2019/3/22/College,"Sanjay Bhokare Group of Institutes, Miraj","Miraj, Maharashtra",B.Tech Computer Engineering,320 000,14.32,7.64,0
https://cache.careers360.mobi/media/colleges/social-media/media-gallery/3091/2020/9/3/Campus,"Siddhant College of Engineering, Pune","Sudumbre, Maharashtra",BE Computer Science and Engineering,260 000,67.99,75.81,0
https://cache.careers360.mobi/media/colleges/social-media/media-gallery/4028/2018/10/5/Campus,"Karmaveer Bhaurao Patil College of Engineering, Satara","Satara, Maharashtra",B.Tech Computer Science and Engineering,446 492,78.54,67.16,0
https://cache.careers360.mobi/media/colleges/social-media/media-gallery/28998/2020/2/6/Campus,"GH Raisoni University, Amravati","Amravati, Maharashtra",B.Tech Artificial Intelligence,,86.14,84.78,7.14
https://cache.careers360.mobi/media/colleges/social-media/media-gallery/24174/2019/7/31/Campus,"Nutan College of Engineering and Research, Pune","Talegaon Dabhade, Maharashtra  FeesCutoff",B.Tech Computer Science and Engineering,188 360,91.05,84.75,0
https://cache.careers360.mobi/media/colleges/social-media/media-gallery/2759/2019/3/28/Campus,"Tulsiramji Gaikwad Patil College of Engineering and Technology, Nagpur","Mohgaon, MaharashtraCourses &amp;",BE Aeronautical Engineering,360 000,31.8,27.39,0
https://cache.careers360.mobi/media/colleges/social-media/media-gallery/3572/2020/9/7/Campus-View,"Padmashri Dr VB Kolte College of Engineering, Malkapur","Malkapur, Maharashtra",BE Computer Science and Engineering,228 000,56.38,50.69,0
https://cache.careers360.mobi/media/colleges/social-media/media-gallery/4977/2018/10/17/Campus,"Anuradha Engineering College, Buldana","Chikhli, Maharashtra",B.Tech Computer Science and Engineering,270 040,41.67,38.85,0
https://cache.careers360.mobi/media/colleges/social-media/media-gallery/3796/2019/2/28/College,"Marathwada Mitra Mandal's Institute of Technology, Pune","Shinde Wasti, Maharashtra",BE Computer Engineering,360 000,73.05,75.45,0
https://cache.careers360.mobi/media/colleges/social-media/media-gallery/1996/2019/3/13/College,"JD College of Engineering and Management, Nagpur","Nagpur, Maharashtra",B.Tech Artificial Intelligence,,44.71,69.34,0
https://cache.careers360.mobi/media/colleges/social-media/media-gallery/3171/2018/10/12/Campus,"Shivajirao S Jondhle College of Engineering and Technology, Thane","Dombivli, MaharashtraCourses &amp;",BE Computer Engineering,338 000,44.71,69.34,0
https://cache.careers360.mobi/media/colleges/social-media/media-gallery/987/2019/7/9/Guest,"Gondwana University, Gadchiroli","Gadchiroli, Maharashtra",BE Computer Science and Engineering,,65.58,59.76,0
https://cache.careers360.mobi/media/colleges/social-media/media-gallery/4172/2019/3/25/Two,"ISB and M School of Technology, Pune","Nande, Maharashtra",BE Computer Engineering,312 000,78.63,69.13,0
https://cache.careers360.mobi/media/colleges/social-media/media-gallery/5253/2018/8/28/Shri-Vithal-Education-and-Research-Institutes-College-of-Engineering-Solapur14.png,"Shri Vithal Education and Research Institute's College of Engineering, Solapur","Solapur, Maharashtra",BE Computer Science and Engineering,350 000,57.63,54.98,0
https://cache.careers360.mobi/media/colleges/social-media/media-gallery/4086/2018/9/22/Campus,"KJ College of Engineering and Management Research, Pune","Yewalewadi, Maharashtra",BE Computer Engineering,366 000,20.51,58.99,0
